,type,syllables,word_type,definitions,extras,query,lang,country,termid,title,link,displayed_link,date,snippet,refinements,people_also_search_for,about_this_result,about_page_link,thumbnail,list
0,dictionary_results,mal·nu·tri·tion,noun,"['lack of proper nutrition, caused by not having enough to eat, not eating enough of the right things, or being unable to use the food that one does eat.']","['malnourishment', 'undernutrition', 'inanition', 'starvation', 'hunger', 'famine', 'anorexia']",Malnutrition,en,US,53,,,,,,,,,,,
0,organic_result,,,,,Food Security,en,US,54,"What is Food Security? Food security means having, at all times, both physical and economic access to sufficient food to meet dietary needs for a productive and healthy life. A family is food secure when its members do not live in hunger or fear of hunger.Feb 3, 2022","https://www.usaid.gov/what-we-do/agriculture-and-food-security#:~:text=What%20is%20Food%20Security%3F&text=Food%20security%20means%20having%2C%20at,hunger%20or%20fear%20of%20hunger.",https://www.usaid.gov › what-we-do › agriculture-and-fo...,"Feb 3, 2022","What is Food Security? Food security means having, at all times, both physical and economic access to sufficient food to meet dietary needs for a productive and healthy life. A family is food secure when its members do not live in hunger or fear of hunger.","['definitions', 'problem', 'sustainable', 'policy', 'photos', 'diagram', 'report', 'certificate', 'news']",[],"{'source': {'description': 'The United States Agency for International Development is an independent agency of the U.S. federal government that is primarily responsible for administering civilian foreign aid and development assistance.', 'source_info_link': 'https://en.wikipedia.org/wiki/United_States_Agency_for_International_Development', 'icon': 'https://serpapi.com/searches/627cfeba8e02e41ac824e565/images/2b5b6e6d590d778d4848e5834d8b6cb458ef19ba85df1cd1eceb5e1711526bf30f00c5d70762c340e89c86f0d666774f.png'}, 'keywords': ['food', 'security'], 'languages': ['English'], 'regions': ['the United States']}",https://www.google.com/search?q=About+https://www.usaid.gov/what-we-do/agriculture-and-food-security&tbm=ilp&ilps=ADNMCi3T8nVnSyZx2Epl9AtDBh66IpYGYw,,
0,dictionary_results,cal·o·rie,noun,"['the energy needed to raise the temperature of 1 gram of water through 1 °C (now usually defined as 4.1868 joules).', 'the energy needed to raise the temperature of 1 kilogram of water through 1 °C, equal to one thousand small calories and often used to measure the energy value of foods.']",,Calorie,en,US,56,,,,,,,,,,,
0,organic_result,,,,,Renewable Energy,en,US,58,"Renewable energy is energy that is collected from renewable resources that are naturally replenished on a human timescale. It includes sources such as sunlight, wind, rain, tides, waves, and geothermal heat. Although most renewable energy sources are sustainable, some are not.","https://en.wikipedia.org/wiki/Renewable_energy#:~:text=Renewable%20energy%20is%20energy%20that,are%20sustainable%2C%20some%20are%20not.",https://en.wikipedia.org › wiki › Renewable_energy,,"Renewable energy is energy that is collected from renewable resources that are naturally replenished on a human timescale. It includes sources such as sunlight, wind, rain, tides, waves, and geothermal heat. Although most renewable energy sources are sustainable, some are not.",,[],"{'source': {'description': 'Wikipedia is a multilingual open online encyclopedia written and maintained by a community of volunteers through open collaboration and a wiki-based editing system. Individual contributors, also called editors, are known as Wikipedians. Wikipedia is the largest and most-read reference work in history.', 'source_info_link': 'https://en.wikipedia.org/wiki/Wikipedia', 'icon': 'https://serpapi.com/searches/627cfec8a4be10eb3ec51af0/images/b8e989e4624654784bf9aa045a847942ac76aed6e061f91a47018d799111f6117b7d093b0c1cf28f1022f0ee74c67d7a.png'}, 'keywords': ['renewable', 'energy'], 'languages': ['English'], 'regions': ['the United States']}",https://www.google.com/search?q=About+https://en.wikipedia.org/wiki/Renewable_energy&tbm=ilp&ilps=ADNMCi2jEpaee-MBteuKRa4owChBVHwkWQ,,
0,organic_result,,,,,Greenhouse gas,en,US,66,"What Are Greenhouse Gases? Earth's greenhouse gases trap heat in the atmosphere and warm the planet. The main gases responsible for the greenhouse effect include carbon dioxide, methane, nitrous oxide, and water vapor (which all occur naturally), and fluorinated gases (which are synthetic).Jul 16, 2019",https://www.nrdc.org/stories/greenhouse-effect-101,https://www.nrdc.org › stories › greenhouse-effect-101,"Jul 16, 2019","What Are Greenhouse Gases? Earth's greenhouse gases trap heat in the atmosphere and warm the planet. The main gases responsible for the greenhouse effect include carbon dioxide, methane, nitrous oxide, and water vapor (which all occur naturally), and fluorinated gases (which are synthetic).","['sample', 'diagram', 'pollution', 'bulletin', 'photos']",[],"{'source': {'description': 'The Natural Resources Defense Council is a United States-based 501 non-profit international environmental advocacy group, with its headquarters in New York City and offices in Washington D.C., San Francisco, Los Angeles, New Delhi, Chicago, Bozeman, and Beijing.', 'source_info_link': 'https://en.wikipedia.org/wiki/Natural_Resources_Defense_Council', 'icon': 'https://serpapi.com/searches/627cfed6d04d6d206e7d9ac0/images/1c85dbef05beabc9516a50af262684ae328b946457debcdbf83eac10c78fed81e52ccb466d4fc0b088c15f46924e09bb.png'}, 'keywords': ['greenhouse', 'gas'], 'related_keywords': ['effect'], 'languages': ['English'], 'regions': ['the United States']}",https://www.google.com/search?q=About+https://www.nrdc.org/stories/greenhouse-effect-101&tbm=ilp&ilps=ADNMCi0HhwJAMxMcKzKZqZ5_hkjfotUb4g,https://serpapi.com/searches/627cfed6d04d6d206e7d9ac0/images/1c85dbef05beabc9d7e47f526b3d6c9db8d92023d8f66a45.jpeg,
0,dictionary_results,in·fec·tion,noun,"['the process of infecting or the state of being infected.', 'an infectious disease.', 'the presence of a virus in, or its introduction into, a computer system.']","['contamination', 'poison', 'septicemia', 'inflammation', 'germs', 'bacteria', 'microbes', 'sepsis', 'disease', 'virus', 'contagion', 'disorder', 'condition', 'affliction', 'problem', 'complaint', 'illness', 'ailment', 'sickness', 'infirmity', 'indisposition', 'bug']",Infection,en,US,68,,,,,,,,,,,
0,organic_result,,,,,Drought,en,US,71,"A drought is “a deficiency of precipitation over an extended period of time (usually a season or more), resulting in a water shortage.” Indicators of drought include precipitation, temperature, streamflow, ground and reservoir water levels, soil moisture, and snowpack.","https://www.c2es.org/content/drought-and-climate-change/#:~:text=A%20drought%20is%20%E2%80%9Ca%20deficiency,%2C%20soil%20moisture%2C%20and%20snowpack.",https://www.c2es.org › content › drought-and-climate-cha...,,"A drought is “a deficiency of precipitation over an extended period of time (usually a season or more), resulting in a water shortage.” Indicators of drought include precipitation, temperature, streamflow, ground and reservoir water levels, soil moisture, and snowpack.",,[],"{'source': {'description': 'The Center for Climate and Energy Solutions is an environmental nonprofit organization based in Arlington, Virginia. Launched in 2011, C2ES is the successor to the Pew Center on Global Climate Change.', 'source_info_link': 'https://en.wikipedia.org/wiki/Center_for_Climate_and_Energy_Solutions', 'icon': 'https://serpapi.com/searches/627cfee1437af282fc44eea9/images/655b87281d64bbd01078bf31bc21f33ee94cb0164daebd059cbd8af2d68212b860f7a1dbfda25381e1ea0c99a1f6b001.png'}, 'keywords': ['drought'], 'languages': ['English'], 'regions': ['the United States']}",https://www.google.com/search?q=About+https://www.c2es.org/content/drought-and-climate-change/&tbm=ilp&ilps=ADNMCi0NCA4JiH-KcjBhJ2b1DhQ4To4Maw,,
0,organic_result,,,,,Malnutrition,en,NG,53,"Malnutrition refers to deficiencies or excesses in nutrient intake, imbalance of essential nutrients or impaired nutrient utilization. The double burden of malnutrition consists of both undernutrition and overweight and obesity, as well as diet-related noncommunicable diseases.","https://www.who.int/health-topics/malnutrition#:~:text=Malnutrition%20refers%20to%20deficiencies%20or,as%20diet%2Drelated%20noncommunicable%20diseases.",https://www.who.int › Health topics,,"Malnutrition refers to deficiencies or excesses in nutrient intake, imbalance of essential nutrients or impaired nutrient utilization. The double burden of malnutrition consists of both undernutrition and overweight and obesity, as well as diet-related noncommunicable diseases.",,[],"{'source': {'description': 'The World Health Organization is a specialized agency of the United Nations responsible for international public health. The WHO Constitution states its main objective as ""the attainment by all peoples of the highest possible level of health"".', 'source_info_link': 'https://en.wikipedia.org/wiki/World_Health_Organization', 'icon': 'https://serpapi.com/searches/627cfee434ff95c28f3e37b7/images/eb1bb91a8e441d97b09df5fa15a1ea674981f92f4a6f98251514becab98e1d48cbaeb2d4d3bb8222acad72876a14de12.png'}}",https://www.google.com/search?q=About+https://www.who.int/health-topics/malnutrition&tbm=ilp&ilps=ADNMCi2naS4IiC1_9r9mb4JWsWLEgaRJ0w,https://serpapi.com/searches/627cfee434ff95c28f3e37b7/images/eb1bb91a8e441d975bf9afdda795ee85d6a355c1e7b4cde5.jpeg,
0,organic_result,,,,,Food Security,en,NG,54,"What is Food Security? Food security means having, at all times, both physical and economic access to sufficient food to meet dietary needs for a productive and healthy life. A family is food secure when its members do not live in hunger or fear of hunger.3 Feb 2022","https://www.usaid.gov/what-we-do/agriculture-and-food-security#:~:text=What%20is%20Food%20Security%3F&text=Food%20security%20means%20having%2C%20at,hunger%20or%20fear%20of%20hunger.",https://www.usaid.gov › what-we-do › agriculture-and-fo...,3 Feb 2022,"What is Food Security? Food security means having, at all times, both physical and economic access to sufficient food to meet dietary needs for a productive and healthy life. A family is food secure when its members do not live in hunger or fear of hunger.","['definitions', 'problem', 'sustainable', 'policy', 'photos', 'diagram', 'report', 'certificate', 'news']",[],"{'source': {'description': 'The United States Agency for International Development is an independent agency of the U.S. federal government that is primarily responsible for administering civilian foreign aid and development assistance.', 'source_info_link': 'https://en.wikipedia.org/wiki/United_States_Agency_for_International_Development', 'icon': 'https://serpapi.com/searches/627cfee8edb0348ea0a0e39f/images/d0d2e51f4d22bdb4baee32504de497932b02d54e228327fe2673c865c3ef25b4492c24c520a1169c24ae9f83b1128c1f.png'}}",https://www.google.com/search?q=About+https://www.usaid.gov/what-we-do/agriculture-and-food-security&tbm=ilp&ilps=ADNMCi3T8nVnSyZx2Epl9AtDBh66IpYGYw,,
0,organic_result,,,,,Calorie,en,NG,56,"A calorie is a measurement, just like a teaspoon or an inch. Calories are the amount of energy released when your body breaks down (digests and absorbs) food. The more calories a food has, the more energy it can provide to your body.25 Apr 2019",https://my.clevelandclinic.org/health/articles/4182-fat-and-calories,https://my.clevelandclinic.org › health › articles › 4182-fa...,25 Apr 2019,"A calorie is a measurement, just like a teaspoon or an inch. Calories are the amount of energy released when your body breaks down (digests and absorbs) food. The more calories a food has, the more energy it can provide to your body.","['chicken breast', 'mashed potato', 'white bread', 'spaghetti', 'quinoa', 'lentil', 'chicken wings', 'cauliflower', 'beef', 'chicken thigh']",[],"{'source': {'description': 'Cleveland Clinic is a nonprofit American academic medical center based in Cleveland, Ohio. Owned and operated by the Cleveland Clinic Foundation, an Ohio nonprofit corporation established in 1921, it ...', 'source_info_link': 'https://en.wikipedia.org/wiki/Cleveland_Clinic', 'icon': 'https://serpapi.com/searches/627cfef05b54ef20a59cee14/images/b37cfe6464edb7e9d7de872039a9e087ebe87665563afdeb9609ce634bbd853c482746439d3153b8ef081e87c8879f6b.png'}}",https://www.google.com/search?q=About+https://my.clevelandclinic.org/health/articles/4182-fat-and-calories&tbm=ilp&ilps=ADNMCi15C9EVpHCofY7caVgkmgEnQi0gtw,,
0,organic_result,,,,,Renewable Energy,en,NG,58,"Renewable energy is energy that is collected from renewable resources that are naturally replenished on a human timescale. It includes sources such as sunlight, wind, rain, tides, waves, and geothermal heat. Although most renewable energy sources are sustainable, some are not.","https://en.wikipedia.org/wiki/Renewable_energy#:~:text=Renewable%20energy%20is%20energy%20that,are%20sustainable%2C%20some%20are%20not.",https://en.wikipedia.org › wiki › Renewable_energy,,"Renewable energy is energy that is collected from renewable resources that are naturally replenished on a human timescale. It includes sources such as sunlight, wind, rain, tides, waves, and geothermal heat. Although most renewable energy sources are sustainable, some are not.",,[],"{'source': {'description': 'Wikipedia is a multilingual open online encyclopedia written and maintained by a community of volunteers through open collaboration and a wiki-based editing system. Individual contributors, also called editors, are known as Wikipedians. Wikipedia is the largest and most-read reference work in history.', 'source_info_link': 'https://en.wikipedia.org/wiki/Wikipedia', 'icon': 'https://serpapi.com/searches/627cfef39f55b30b2e4134cd/images/cd54d3fa98ddc59a47d45b537f82673ed9ab16e078bde53ac9db7a8a74377f54a127d1ec31ae439866e9e0785f52f9c1.png'}}",https://www.google.com/search?q=About+https://en.wikipedia.org/wiki/Renewable_energy&tbm=ilp&ilps=ADNMCi2jEpaee-MBteuKRa4owChBVHwkWQ,,
0,organic_result,,,,,Climate change,en,NG,59,"Climate change refers to long-term shifts in temperatures and weather patterns. These shifts may be natural, such as through variations in the solar cycle. But since the 1800s, human activities have been the main driver of climate change, primarily due to burning fossil fuels like coal, oil and gas.","https://www.un.org/en/climatechange/what-is-climate-change#:~:text=Climate%20change%20refers%20to%20long,like%20coal%2C%20oil%20and%20gas.",https://www.un.org › climatechange › what-is-climate-cha...,,"Climate change refers to long-term shifts in temperatures and weather patterns. These shifts may be natural, such as through variations in the solar cycle. But since the 1800s, human activities have been the main driver of climate change, primarily due to burning fossil fuels like coal, oil and gas.",,[],"{'source': {'description': 'The United Nations is an intergovernmental organization whose purpose is to maintain international peace and security, develop friendly relations among nations, achieve international cooperation, and be a centre for harmonizing the actions of nations.', 'source_info_link': 'https://en.wikipedia.org/wiki/United_Nations', 'icon': 'https://serpapi.com/searches/627cfef6303eb1c5cbbf3be3/images/d93662e8f046190f645fdd8641db3d1d9425e6b8afdf120f69c767d81f67e33f8ee8d803ad86fd4095b3d137b5759303.png'}}",https://www.google.com/search?q=About+https://www.un.org/en/climatechange/what-is-climate-change&tbm=ilp&ilps=ADNMCi0702uNhYhI30Vsr1JUjE2A52jFTw,,
0,organic_result,,,,,Greenhouse gas,en,NG,66,"What Are Greenhouse Gases? Earth's greenhouse gases trap heat in the atmosphere and warm the planet. The main gases responsible for the greenhouse effect include carbon dioxide, methane, nitrous oxide, and water vapor (which all occur naturally), and fluorinated gases (which are synthetic).16 Jul 2019","https://www.nrdc.org/stories/greenhouse-effect-101#:~:text=Bednarski%20for%20NRDC-,What%20Are%20Greenhouse%20Gases%3F,gases%20(which%20are%20synthetic).",https://www.nrdc.org › stories › greenhouse-effect-101,16 Jul 2019,"What Are Greenhouse Gases? Earth's greenhouse gases trap heat in the atmosphere and warm the planet. The main gases responsible for the greenhouse effect include carbon dioxide, methane, nitrous oxide, and water vapor (which all occur naturally), and fluorinated gases (which are synthetic).","['sample', 'diagram', 'pollution', 'bulletin', 'photos']",[],"{'source': {'description': 'The Natural Resources Defense Council is a United States-based 501 non-profit international environmental advocacy group, with its headquarters in New York City and offices in Washington D.C., San Francisco, Los Angeles, New Delhi, Chicago, Bozeman, and Beijing.', 'source_info_link': 'https://en.wikipedia.org/wiki/Natural_Resources_Defense_Council', 'icon': 'https://serpapi.com/searches/627cff042ff421d0fb7668bd/images/bed9f67c7138f66508164fa621983bb1e12911f0dc4dad3e6b76f6cda76156ecb178fe6e0f22daa4acb8aca322206514.png'}}",https://www.google.com/search?q=About+https://www.nrdc.org/stories/greenhouse-effect-101&tbm=ilp&ilps=ADNMCi0HhwJAMxMcKzKZqZ5_hkjfotUb4g,,
0,organic_result,,,,,Infection,en,NG,68,"(in-FEK-shun) The invasion and growth of germs in the body. The germs may be bacteria, viruses, yeast, fungi, or other microorganisms. Infections can begin anywhere in the body and may spread all through it. An infection can cause fever and other health problems, depending on where it occurs in the body.","https://www.cancer.gov/publications/dictionaries/cancer-terms/def/infection#:~:text=(in%2DFEK%2Dshun),it%20occurs%20in%20the%20body.",https://www.cancer.gov › dictionaries › cancer-terms › def,,"(in-FEK-shun) The invasion and growth of germs in the body. The germs may be bacteria, viruses, yeast, fungi, or other microorganisms. Infections can begin anywhere in the body and may spread all through it. An infection can cause fever and other health problems, depending on where it occurs in the body.",,[],"{'source': {'description': 'cancer.gov was first indexed by Google more than 10 years ago', 'icon': 'https://serpapi.com/searches/627cff087d171aee13062329/images/45dcc5785c69c955c613f42a3fbc263a6d580c5fc2060123001213ab344bad64b8a5cdc8f2222f18ba24bba99eca7940.png'}}",https://www.google.com/search?q=About+https://www.cancer.gov/publications/dictionaries/cancer-terms/def/infection&tbm=ilp&ilps=ADNMCi11Nrb_8xhfJvfkSmVR3g8oTLdm8A,,
0,organic_result,,,,,Flood,en,NG,70,"A flood is an overflow of water that submerges land that is usually dry. In the sense of ""flowing water"", the word may also be applied to the inflow of the tide. Floods are an area of study of the discipline hydrology and are of significant concern in agriculture, civil engineering and public health.","https://en.wikipedia.org/wiki/Flood#:~:text=A%20flood%20is%20an%20overflow,civil%20engineering%20and%20public%20health.",https://en.wikipedia.org › wiki › Flood,,"A flood is an overflow of water that submerges land that is usually dry. In the sense of ""flowing water"", the word may also be applied to the inflow of the tide. Floods are an area of study of the discipline hydrology and are of significant concern in agriculture, civil engineering and public health.",,[],"{'source': {'description': 'Wikipedia is a multilingual open online encyclopedia written and maintained by a community of volunteers through open collaboration and a wiki-based editing system. Individual contributors, also called editors, are known as Wikipedians. Wikipedia is the largest and most-read reference work in history.', 'source_info_link': 'https://en.wikipedia.org/wiki/Wikipedia', 'icon': 'https://serpapi.com/searches/627cff0c2348846a3be45eac/images/3b34e3842d13850a9511c28bb3b637ebb6dad6a9fbb164487c45a7c1ec1fe9b2f14f7e93c41fedc1f27ba3652b4a60f0.png'}}",https://www.google.com/search?q=About+https://en.wikipedia.org/wiki/Flood&tbm=ilp&ilps=ADNMCi3A15nJ144DT1XxRvA_qf7MtjZncg,,
0,organic_result,,,,,Drought,en,NG,71,"Drought is a prolonged dry period in the natural climate cycle that can occur anywhere in the world. It is a slow-onset disaster characterized by the lack of precipitation, resulting in a water shortage. Drought can have a serious impact on health, agriculture, economies, energy and the environment.","https://www.who.int/health-topics/drought#:~:text=Drought%20is%20a%20prolonged%20dry,economies%2C%20energy%20and%20the%20environment.",https://www.who.int › Health topics,,"Drought is a prolonged dry period in the natural climate cycle that can occur anywhere in the world. It is a slow-onset disaster characterized by the lack of precipitation, resulting in a water shortage. Drought can have a serious impact on health, agriculture, economies, energy and the environment.",,[],"{'source': {'description': 'The World Health Organization is a specialized agency of the United Nations responsible for international public health. The WHO Constitution states its main objective as ""the attainment by all peoples of the highest possible level of health"".', 'source_info_link': 'https://en.wikipedia.org/wiki/World_Health_Organization', 'icon': 'https://serpapi.com/searches/627cff13eb690ff8011af704/images/e6fea53390c1bf9c8f0ce810df7e83724ed79eb07bb05635b83b6d2c153b4618ba8f91ce80eb3a055885fdaa8a5bdc3c.png'}}",https://www.google.com/search?q=About+https://www.who.int/health-topics/drought&tbm=ilp&ilps=ADNMCi3OSWrZew4kvIwRgxrqdzvfaw1vCg,,
0,organic_result,,,,,תת תזונה,iw,IL,53,"תת־תזונה מתוארת כחוסר בקלוריות (כתוצאה מאכילה מועטה מאוד) ו/או כחוסר בחלבון. חוסר בקלוריות מלווה לרוב גם בחוסר ויטמינים, מינרלים ויסודות קורט.",https://www.clalit.co.il/he/lifestyle/nutrition/Pages/malnutrition.aspx,https://www.clalit.co.il › nutrition › Pages › malnutrition,,"תת־תזונה מתוארת כחוסר בקלוריות (כתוצאה מאכילה מועטה מאוד) ו/או כחוסר בחלבון. חוסר בקלוריות מלווה לרוב גם בחוסר ויטמינים, מינרלים ויסודות קורט.",,[],,,https://serpapi.com/searches/627cff15303eb1c5cbbf3bf7/images/4c0a806bb9f2b53e855d67e7341df6d02f9db0a132327342.jpeg,
0,organic_result,,,,,זיהום רפואה,iw,IL,68,"זיהום (בלועזית: אינפקציה) הוא תהליך של התיישבות מזיקה של גורם זר באורגניזם פונדקאי. האורגניזם המזהם פועל לניצול משאביו של גוף הפונדקאי כדי להתרבות על חשבונו. האורגניזם המזהם (נקרא גם פתוגן) מפריע לתפקודו הנורמלי של הפונדקאי ויכול לגרום לפצעים כרוניים, נמק, אובדן האיבר המזוהם ואפילו מוות.",https://he.wikipedia.org/wiki/%D7%96%D7%99%D7%94%D7%95%D7%9D_(%D7%A8%D7%A4%D7%95%D7%90%D7%94),https://he.wikipedia.org › wiki › זיהום_(רפואה),,"זיהום (בלועזית: אינפקציה) הוא תהליך של התיישבות מזיקה של גורם זר באורגניזם פונדקאי. האורגניזם המזהם פועל לניצול משאביו של גוף הפונדקאי כדי להתרבות על חשבונו. האורגניזם המזהם (נקרא גם פתוגן) מפריע לתפקודו הנורמלי של הפונדקאי ויכול לגרום לפצעים כרוניים, נמק, אובדן האיבר המזוהם ואפילו מוות.",,[],,,,
0,organic_result,,,,,שיטפון,iw,IL,70,שיטפון - ויקיפדיה,https://he.wikipedia.org/wiki/%D7%A9%D7%99%D7%98%D7%A4%D7%95%D7%9F,https://he.wikipedia.org › wiki › שיטפון,,שיטפון הוא אירוע שבו מים מציפים קרקע שהיא יבשה בדרך כלל בהיקף נרחב שעלול לגרום לנזק ואבדות בנפש וברכוש....תוכן עניינים,,[],,,,"['1.1 הצפת נהרות', '1.2 צונאמי', '1.3 שיטפון בזק']"
0,organic_result,,,,,недостаточное питание,ru,RU,53,Недостаточное питание — это нехватка калорий или одного или нескольких незаменимых питательных веществ.,"https://www.msdmanuals.com/ru/%D0%B4%D0%BE%D0%BC%D0%B0/%D0%B7%D0%B0%D0%B1%D0%BE%D0%BB%D0%B5%D0%B2%D0%B0%D0%BD%D0%B8%D1%8F,-%D1%81%D0%B2%D1%8F%D0%B7%D0%B0%D0%BD%D0%BD%D1%8B%D0%B5-%D1%81-%D0%BF%D0%B8%D1%82%D0%B0%D0%BD%D0%B8%D0%B5%D0%BC/%D0%BD%D0%B5%D0%B4%D0%BE%D1%81%D1%82%D0%B0%D1%82%D0%BE%D1%87%D0%BD%D0%BE%D0%B5-%D0%BF%D0%B8%D1%82%D0%B0%D0%BD%D0%B8%D0%B5/%D0%BD%D0%B5%D0%B4%D0%BE%D1%81%D1%82%D0%B0%D1%82%D0%BE%D1%87%D0%BD%D0%BE%D0%B5-%D0%BF%D0%B8%D1%82%D0%B0%D0%BD%D0%B8%D0%B5",https://www.msdmanuals.com › дома › недостаточное-п...,,Недостаточное питание — это нехватка калорий или одного или нескольких незаменимых питательных веществ.,,[],,,,
0,organic_result,,,,,Калория,ru,RU,56,"Кало́рия (лат. calor — тепло, жар) — внесистемная единица количества теплоты; энергия, необходимая для нагревания 1 грамма воды с 19.5 до 20.5 градусов Цельсия.","https://ru.wikipedia.org/wiki/%D0%9A%D0%B0%D0%BB%D0%BE%D1%80%D0%B8%D1%8F#:~:text=%D0%9A%D0%B0%D0%BB%D0%BE%CC%81%D1%80%D0%B8%D1%8F%20(%D0%BB%D0%B0%D1%82.,19.5%20%D0%B4%D0%BE%2020.5%20%D0%B3%D1%80%D0%B0%D0%B4%D1%83%D1%81%D0%BE%D0%B2%20%D0%A6%D0%B5%D0%BB%D1%8C%D1%81%D0%B8%D1%8F.",https://ru.wikipedia.org › wiki › Калория,,"Кало́рия (лат. calor — тепло, жар) — внесистемная единица количества теплоты; энергия, необходимая для нагревания 1 грамма воды с 19.5 до 20.5 градусов Цельсия.",,[],,,,
0,organic_result,,,,,Инфекция,ru,RU,68,"Инфе́кция (от лат. inficio, infeci, infectum «заражать») — заражение живого организма (включая микроорганизмы) инфекционным агентом, процесс его размножения или развития в организме, а также реакция организма на присутствие в тканях инфекционного агента и на выделяемые им токсины.","https://ru.wikipedia.org/wiki/%D0%98%D0%BD%D1%84%D0%B5%D0%BA%D1%86%D0%B8%D1%8F#:~:text=%D0%98%D0%BD%D1%84%D0%B5%CC%81%D0%BA%D1%86%D0%B8%D1%8F%20(%D0%BE%D1%82%20%D0%BB%D0%B0%D1%82.,%D0%B8%20%D0%BD%D0%B0%20%D0%B2%D1%8B%D0%B4%D0%B5%D0%BB%D1%8F%D0%B5%D0%BC%D1%8B%D0%B5%20%D0%B8%D0%BC%20%D1%82%D0%BE%D0%BA%D1%81%D0%B8%D0%BD%D1%8B.",https://ru.wikipedia.org › wiki › Инфекция,,"Инфе́кция (от лат. inficio, infeci, infectum «заражать») — заражение живого организма (включая микроорганизмы) инфекционным агентом, процесс его размножения или развития в организме, а также реакция организма на присутствие в тканях инфекционного агента и на выделяемые им токсины.",,[],,,,
0,organic_result,,,,,Malnutrición,es,ES,53,La malnutrición es el resultado de llevar una dieta desequilibrada en la cual hay una falta de nutrientes o bien cuya ingesta se da en la proporción errónea. La malnutrición aumenta el riesgo de padecer una infección o enfermedades infecciosas.,"https://www.topdoctors.es/diccionario-medico/malnutricion#:~:text=La%20malnutrici%C3%B3n%20es%20el%20resultado,una%20infecci%C3%B3n%20o%20enfermedades%20infecciosas.",https://www.topdoctors.es › Diccionario médico › M,,La malnutrición es el resultado de llevar una dieta desequilibrada en la cual hay una falta de nutrientes o bien cuya ingesta se da en la proporción errónea. La malnutrición aumenta el riesgo de padecer una infección o enfermedades infecciosas.,,[],,,https://serpapi.com/searches/627cff9b1d986e14d0eeaeec/images/6c7e0bf8ac6eefd9c453576c9fc5619ba0bcfcecf876a1fc.jpeg,
0,organic_result,,,,,Caloría,es,ES,56,"La definición técnica de caloría corresponde a una unidad de energía basada en el calor específico del agua. Así, se define caloría como la cantidad de energía calorífica necesaria para elevar un grado centígrado la temperatura de un gramo de agua pura, desde 14,5 °C a 15,5 °C, a una presión normal de una atmósfera.","https://www.clinicalascondes.cl/CENTROS-Y-ESPECIALIDADES/Centros/Centro-de-Nutricion/Nutricion/Calorias#:~:text=La%20definici%C3%B3n%20t%C3%A9cnica%20de%20calor%C3%ADa,presi%C3%B3n%20normal%20de%20una%20atm%C3%B3sfera.",https://www.clinicalascondes.cl › Nutricion › Calorias,,"La definición técnica de caloría corresponde a una unidad de energía basada en el calor específico del agua. Así, se define caloría como la cantidad de energía calorífica necesaria para elevar un grado centígrado la temperatura de un gramo de agua pura, desde 14,5 °C a 15,5 °C, a una presión normal de una atmósfera.",,[],,,https://serpapi.com/searches/627cffab9bddf70078c2144b/images/e3d9ef384a9c073d429e15b7b560a8cda9ffe3ee6020b830.jpeg,
0,organic_result,,,,,Energía renovable,es,ES,58,"Definición: ¿Qué son las energías renovables? Se dice que una energía es renovable cuando su fuente de energía se basa en la utilización de recursos naturales inagotables, como el sol, el viento, el agua o la biomasa.25 mar 2022",https://climate.selectra.com/es/que-es/energias-renovables,https://climate.selectra.com › Inicio › Que Es,25 mar 2022,"Definición: ¿Qué son las energías renovables? Se dice que una energía es renovable cuando su fuente de energía se basa en la utilización de recursos naturales inagotables, como el sol, el viento, el agua o la biomasa.",,[],,,https://serpapi.com/searches/627cffb45fc493a2daa7eaba/images/cf63be938d7cb2d91bf50453fc0add49735cc3c816eb2ae4.jpeg,
0,organic_result,,,,,Contaminación del suelo,es,ES,65,"Se entiende por contaminación del suelo un proceso de degradación por causas físicas o químicas que provoca la pérdida total o parcial de su productividad, generando efectos nocivos para los organismos vivos o las personas.18 ene 2022",https://www.ceupe.mx/blog/que-es-la-contaminacion-del-suelo.html,https://www.ceupe.mx › que-es-la-contaminacion-del-suelo,18 ene 2022,"Se entiende por contaminación del suelo un proceso de degradación por causas físicas o químicas que provoca la pérdida total o parcial de su productividad, generando efectos nocivos para los organismos vivos o las personas.",,[],,,,
0,organic_result,,,,,Gas de efecto invernadero,es,ES,66,Efecto invernadero: causas y consecuencias en el clima,https://climate.selectra.com/es/que-es/efecto-invernadero,https://climate.selectra.com › Inicio › Que Es,25 mar 2022,Los gases responsables del efecto invernadero son los siguientes:,,[],,,,"['Vapor de agua (H2O);', 'Dióxido de carbono (CO2);', 'Metano (CH4);', 'Óxido nitroso (N2O);', 'Ozono (O3).']"
0,organic_result,,,,,Infección,es,ES,68,"La infección es la invasión de un anfitrión por un microorganismo patógeno, su multiplicación en los tejidos y la reacción del anfitrión a su presencia y a la de sus posibles toxinas. Las infecciones pueden deberse a bacterias, hongos, protozoos, virus, viroides y priones.","https://es.wikipedia.org/wiki/Infecci%C3%B3n#:~:text=La%20infecci%C3%B3n%20es%20la%20invasi%C3%B3n,%2C%20virus%2C%20viroides%20y%20priones.",https://es.wikipedia.org › wiki › Infección,,"La infección es la invasión de un anfitrión por un microorganismo patógeno, su multiplicación en los tejidos y la reacción del anfitrión a su presencia y a la de sus posibles toxinas. Las infecciones pueden deberse a bacterias, hongos, protozoos, virus, viroides y priones.",,[],,,,
0,organic_result,,,,,Inundación,es,ES,70,"Una inundación es la ocupación por parte del agua de zonas que habitualmente están libres de esta,​ por desbordamiento de ríos, torrentes o ramblas, por lluvias torrenciales, deshielo, por subida de las mareas por encima del nivel habitual, por maremotos, huracanes, entre otros.","https://es.wikipedia.org/wiki/Inundaci%C3%B3n#:~:text=Una%20inundaci%C3%B3n%20es%20la%20ocupaci%C3%B3n,maremotos%2C%20huracanes%2C%20entre%20otros.",https://es.wikipedia.org › wiki › Inundación,,"Una inundación es la ocupación por parte del agua de zonas que habitualmente están libres de esta,​ por desbordamiento de ríos, torrentes o ramblas, por lluvias torrenciales, deshielo, por subida de las mareas por encima del nivel habitual, por maremotos, huracanes, entre otros.",,[],,,,
0,organic_result,,,,,Malnutrition,fr,FR,53,"Par «malnutrition», on entend les carences, les excès ou les déséquilibres dans l'apport énergétique et/ou nutritionnel d'une personne.9 juin 2021","https://www.who.int/fr/news-room/fact-sheets/detail/malnutrition#:~:text=Par%20%C2%ABmalnutrition%C2%BB%2C%20on%20entend,ou%20nutritionnel%20d'une%20personne.",https://www.who.int › ... › Principaux repères › Détail,9 juin 2021,"Par «malnutrition», on entend les carences, les excès ou les déséquilibres dans l'apport énergétique et/ou nutritionnel d'une personne.",,[],,,,
0,organic_result,,,,,Calorie,fr,FR,56,"Une calorie (cal) représente la quantité de chaleur nécessaire pour élever de 1 °C la température de 1 gramme d'eau sous une pression atmosphérique normale. L'unité de mesure officielle internationale de l'énergie est le joule, mais la calorie est très largement utilisée, en particulier en diététique.",https://www.larousse.fr/encyclopedie/medical/calorie/11736,https://www.larousse.fr › encyclopedie › medical › calorie,,"Une calorie (cal) représente la quantité de chaleur nécessaire pour élever de 1 °C la température de 1 gramme d'eau sous une pression atmosphérique normale. L'unité de mesure officielle internationale de l'énergie est le joule, mais la calorie est très largement utilisée, en particulier en diététique.",,[],,,,
0,organic_result,,,,,Énergie renouvelable,fr,FR,58,"Les énergies renouvelables, c'est quoi ? Les énergies renouvelables (EnR) sont alimentées par le soleil, le vent, la chaleur de la terre, les chutes d'eau, les marées… Elles permettent de produire de l'électricité, de la chaleur, du froid, du gaz, du carburant, du combustible.22 oct. 2021","https://www.ecologie.gouv.fr/energies-renouvelables#:~:text=fran%C3%A7aise%20d'%C3%A9lectricit%C3%A9-,Les%20%C3%A9nergies%20renouvelables%2C%20c'est%20quoi%20%3F,%2C%20du%20carburant%2C%20du%20combustible.",https://www.ecologie.gouv.fr › energies-renouvelables,22 oct. 2021,"Les énergies renouvelables, c'est quoi ? Les énergies renouvelables (EnR) sont alimentées par le soleil, le vent, la chaleur de la terre, les chutes d'eau, les marées… Elles permettent de produire de l'électricité, de la chaleur, du froid, du gaz, du carburant, du combustible.",,[],,,,
0,dictionary_results,infection,nom féminin,"['Grande puanteur.', 'Chose qui suscite le dégoût.']",,Infection,fr,FR,68,,,,,,,,,,,
0,organic_result,,,,,Inondation,fr,FR,70,"Inondation. L'inondation est une submersion temporaire, par l'eau, de terres qui ne sont pas submergées en temps normal, quelle qu'en soit l'origine.","https://www.gouvernement.fr/risques/inondation#:~:text=Inondation,'en%20soit%20l'origine.",https://www.gouvernement.fr › risques › inondation,,"Inondation. L'inondation est une submersion temporaire, par l'eau, de terres qui ne sont pas submergées en temps normal, quelle qu'en soit l'origine.",,[],,,https://serpapi.com/searches/627cffffd5ecf45784f4ccf8/images/4c8c3ea9573eccf8155d8ac9c7c646a26c0f97ebc33ec1e5.jpeg,
0,organic_result,,,,,Malnutrición,es,AR,53,"El término «malnutrición» se refiere a las carencias, los excesos y los desequilibrios de la ingesta calórica y de nutrientes de una persona.9 jun 2021","https://www.who.int/es/news-room/fact-sheets/detail/malnutrition#:~:text=El%20t%C3%A9rmino%20%C2%ABmalnutrici%C3%B3n%C2%BB%20se%20refiere,de%20nutrientes%20de%20una%20persona.",https://www.who.int › ... › Notas descriptivas › Detail,9 jun 2021,"El término «malnutrición» se refiere a las carencias, los excesos y los desequilibrios de la ingesta calórica y de nutrientes de una persona.",,[],,,,
0,dictionary_results,caloría,nombre femenino,"['Unidad de energía térmica, de símbolo cal, que equivale a la cantidad de calor necesaria para elevar 1 grado centígrado la temperatura de 1 gramo de agua.', 'Unidad de medida del contenido energético de los alimentos que consiste en el número de calorías que un peso determinado de alimento puede desarrollar en los tejidos, o en el trabajo físico equivalente a ellas.']",,Caloría,es,AR,56,,,,,,,,,,,
0,organic_result,,,,,Energía renovable,es,AR,58,"Se denomina “energías renovables” a aquellas fuentes energéticas basadas en la utilización del sol, el viento, el agua o la biomasa vegetal o animal -entre otras-. Se caracterizan por no utilizar combustibles fósiles –como sucede con las energías convencionales-, sino recursos capaces de renovarse ilimitadamente.","https://www.argentina.gob.ar/economia/energia/energia-electrica/renovables/que-son-las-energias-renovables#:~:text=Se%20denomina%20%E2%80%9Cenerg%C3%ADas%20renovables%E2%80%9D%20a,recursos%20capaces%20de%20renovarse%20ilimitadamente.",https://www.argentina.gob.ar › energia › renovables › que...,,"Se denomina “energías renovables” a aquellas fuentes energéticas basadas en la utilización del sol, el viento, el agua o la biomasa vegetal o animal -entre otras-. Se caracterizan por no utilizar combustibles fósiles –como sucede con las energías convencionales-, sino recursos capaces de renovarse ilimitadamente.",,[],,,https://serpapi.com/searches/627d000e1e803f24a181d85e/images/437f10b191da1738ee2fa6a91e89ec2cd85d9530b297a7dc.png,
0,organic_result,,,,,Contaminación del suelo,es,AR,65,"La contaminación del suelo provoca una reacción en cadena. Altera la biodiversidad del suelo, reduciendo la materia orgánica que contiene y su capacidad para actuar como filtro. También se contamina el agua almacenada en el suelo y el agua subterránea, provocando un desequilibrio de sus nutrientes.2 may 2018","https://www.fao.org/fao-stories/article/es/c/1126977/#:~:text=La%20contaminaci%C3%B3n%20del%20suelo%20provoca,un%20desequilibrio%20de%20sus%20nutrientes.",https://www.fao.org › fao-stories › article,2 may 2018,"La contaminación del suelo provoca una reacción en cadena. Altera la biodiversidad del suelo, reduciendo la materia orgánica que contiene y su capacidad para actuar como filtro. También se contamina el agua almacenada en el suelo y el agua subterránea, provocando un desequilibrio de sus nutrientes.",,[],,,,
0,organic_result,,,,,Gas de efecto invernadero,es,AR,66,"En la atmósfera de la Tierra, los principales gases de efecto invernadero (GEI) son el vapor de agua (H2O), el dióxido de carbono (CO2), el óxido nitroso (N2O), el metano (CH4) y el ozono (O3).",http://www.ideam.gov.co/documents/21021/21138/Gases+de+Efecto+Invernadero+y+el+Cambio+Climatico.pdf,http://www.ideam.gov.co › documents › Gases+de+...,,"En la atmósfera de la Tierra, los principales gases de efecto invernadero (GEI) son el vapor de agua (H2O), el dióxido de carbono (CO2), el óxido nitroso (N2O), el metano (CH4) y el ozono (O3).",,[],,,,
0,dictionary_results,infección,nombre femenino,"['Invasión y multiplicación de agentes patógenos en los tejidos de un organismo.', 'Enfermedad causada por esta invasión de agentes patógenos.']","['epidemia', 'plaga']",Infección,es,AR,68,,,,,,,,,,,
0,organic_result,,,,,Inundación,es,AR,70,Lluvias intensas durante un periodo corto de tiempo en donde se supera la capacidad del suelo de absorber y los ríos empiezan a subir. A causa de fuertes vientos que a veces pueden provocar la crecida de los ríos.,"https://www.argentina.gob.ar/sinagir/riesgos-frecuentes/inundacion#:~:text=Lluvias%20intensas%20durante%20un%20periodo,la%20crecida%20de%20los%20r%C3%ADos.",https://www.argentina.gob.ar › sinagir › inundacion,,Lluvias intensas durante un periodo corto de tiempo en donde se supera la capacidad del suelo de absorber y los ríos empiezan a subir. A causa de fuertes vientos que a veces pueden provocar la crecida de los ríos.,,[],,,,
0,organic_result,,,,,Sequía,es,AR,71,"Las sequías son periodos prolongados de tiempo seco causado por la falta de lluvia, lo que produce escasez de agua. Los periodos de sequía pueden causar desabastecimiento de agua y problemas de salud pública.",https://www.cdc.gov/spanish/nceh/especiales/sequias/index.html,https://www.cdc.gov › spanish › nceh › especiales › sequias,,"Las sequías son periodos prolongados de tiempo seco causado por la falta de lluvia, lo que produce escasez de agua. Los periodos de sequía pueden causar desabastecimiento de agua y problemas de salud pública.",,[],,,,
