,id,status,json_endpoint,created_at,processed_at,google_url,raw_html_file,total_time_taken,query,lang,country,termid
0,627cfeb72ff421d0610e878f,Success,https://serpapi.com/searches/a7ead2ec10592a63/627cfeb72ff421d0610e878f.json,2022-05-12 12:33:59 UTC,2022-05-12 12:33:59 UTC,https://www.google.com/search?q=Malnutrition&oq=Malnutrition&uule=w+CAIQICItV2FzaGluZ3RvbixEaXN0cmljdCBvZiBDb2x1bWJpYSxVbml0ZWQgU3RhdGVz&hl=en&gl=US&sourceid=chrome&ie=UTF-8,https://serpapi.com/searches/a7ead2ec10592a63/627cfeb72ff421d0610e878f.html,0.7,Malnutrition,en,US,53
0,627cfeba8e02e41ac824e565,Success,https://serpapi.com/searches/ae37e1d7af0e3819/627cfeba8e02e41ac824e565.json,2022-05-12 12:34:02 UTC,2022-05-12 12:34:02 UTC,https://www.google.com/search?q=Food+Security&oq=Food+Security&uule=w+CAIQICItV2FzaGluZ3RvbixEaXN0cmljdCBvZiBDb2x1bWJpYSxVbml0ZWQgU3RhdGVz&hl=en&gl=US&sourceid=chrome&ie=UTF-8,https://serpapi.com/searches/ae37e1d7af0e3819/627cfeba8e02e41ac824e565.html,1.2,Food Security,en,US,54
0,627cfebe681ebea721c92b52,Success,https://serpapi.com/searches/af044853f5a5331b/627cfebe681ebea721c92b52.json,2022-05-12 12:34:06 UTC,2022-05-12 12:34:06 UTC,https://www.google.com/search?q=Calorie&oq=Calorie&uule=w+CAIQICItV2FzaGluZ3RvbixEaXN0cmljdCBvZiBDb2x1bWJpYSxVbml0ZWQgU3RhdGVz&hl=en&gl=US&sourceid=chrome&ie=UTF-8,https://serpapi.com/searches/af044853f5a5331b/627cfebe681ebea721c92b52.html,8.78,Calorie,en,US,56
0,627cfec8a4be10eb3ec51af0,Success,https://serpapi.com/searches/bdc2d2e8f74fb168/627cfec8a4be10eb3ec51af0.json,2022-05-12 12:34:16 UTC,2022-05-12 12:34:16 UTC,https://www.google.com/search?q=Renewable+Energy&oq=Renewable+Energy&uule=w+CAIQICItV2FzaGluZ3RvbixEaXN0cmljdCBvZiBDb2x1bWJpYSxVbml0ZWQgU3RhdGVz&hl=en&gl=US&sourceid=chrome&ie=UTF-8,https://serpapi.com/searches/bdc2d2e8f74fb168/627cfec8a4be10eb3ec51af0.html,0.88,Renewable Energy,en,US,58
0,627cfecbe135084884e0ab40,Success,https://serpapi.com/searches/44464d1fac649c55/627cfecbe135084884e0ab40.json,2022-05-12 12:34:19 UTC,2022-05-12 12:34:19 UTC,https://www.google.com/search?q=Climate+change&oq=Climate+change&uule=w+CAIQICItV2FzaGluZ3RvbixEaXN0cmljdCBvZiBDb2x1bWJpYSxVbml0ZWQgU3RhdGVz&hl=en&gl=US&sourceid=chrome&ie=UTF-8,https://serpapi.com/searches/44464d1fac649c55/627cfecbe135084884e0ab40.html,6.83,Climate change,en,US,59
0,627cfed40574f58582f97c43,Success,https://serpapi.com/searches/65a92bf0f116db43/627cfed40574f58582f97c43.json,2022-05-12 12:34:28 UTC,2022-05-12 12:34:28 UTC,https://www.google.com/search?q=Soil+contamination&oq=Soil+contamination&uule=w+CAIQICItV2FzaGluZ3RvbixEaXN0cmljdCBvZiBDb2x1bWJpYSxVbml0ZWQgU3RhdGVz&hl=en&gl=US&sourceid=chrome&ie=UTF-8,https://serpapi.com/searches/65a92bf0f116db43/627cfed40574f58582f97c43.html,0.65,Soil contamination,en,US,65
0,627cfed6d04d6d206e7d9ac0,Success,https://serpapi.com/searches/4193c6e1061c85de/627cfed6d04d6d206e7d9ac0.json,2022-05-12 12:34:30 UTC,2022-05-12 12:34:30 UTC,https://www.google.com/search?q=Greenhouse+gas&oq=Greenhouse+gas&uule=w+CAIQICItV2FzaGluZ3RvbixEaXN0cmljdCBvZiBDb2x1bWJpYSxVbml0ZWQgU3RhdGVz&hl=en&gl=US&sourceid=chrome&ie=UTF-8,https://serpapi.com/searches/4193c6e1061c85de/627cfed6d04d6d206e7d9ac0.html,2.3,Greenhouse gas,en,US,66
0,627cfeda58762b6e1598df10,Success,https://serpapi.com/searches/d12c4815d5b22350/627cfeda58762b6e1598df10.json,2022-05-12 12:34:34 UTC,2022-05-12 12:34:34 UTC,https://www.google.com/search?q=Infection&oq=Infection&uule=w+CAIQICItV2FzaGluZ3RvbixEaXN0cmljdCBvZiBDb2x1bWJpYSxVbml0ZWQgU3RhdGVz&hl=en&gl=US&sourceid=chrome&ie=UTF-8,https://serpapi.com/searches/d12c4815d5b22350/627cfeda58762b6e1598df10.html,3.58,Infection,en,US,68
0,627cfedfce87f8ea4a81c838,Success,https://serpapi.com/searches/9fe24f0febd5317d/627cfedfce87f8ea4a81c838.json,2022-05-12 12:34:39 UTC,2022-05-12 12:34:39 UTC,https://www.google.com/search?q=Flood&oq=Flood&uule=w+CAIQICItV2FzaGluZ3RvbixEaXN0cmljdCBvZiBDb2x1bWJpYSxVbml0ZWQgU3RhdGVz&hl=en&gl=US&sourceid=chrome&ie=UTF-8,https://serpapi.com/searches/9fe24f0febd5317d/627cfedfce87f8ea4a81c838.html,0.84,Flood,en,US,70
0,627cfee1437af282fc44eea9,Success,https://serpapi.com/searches/447795e0788ca8b5/627cfee1437af282fc44eea9.json,2022-05-12 12:34:41 UTC,2022-05-12 12:34:41 UTC,https://www.google.com/search?q=Drought&oq=Drought&uule=w+CAIQICItV2FzaGluZ3RvbixEaXN0cmljdCBvZiBDb2x1bWJpYSxVbml0ZWQgU3RhdGVz&hl=en&gl=US&sourceid=chrome&ie=UTF-8,https://serpapi.com/searches/447795e0788ca8b5/627cfee1437af282fc44eea9.html,1.04,Drought,en,US,71
0,627cfee434ff95c28f3e37b7,Success,https://serpapi.com/searches/9221cdbb4043ee82/627cfee434ff95c28f3e37b7.json,2022-05-12 12:34:44 UTC,2022-05-12 12:34:44 UTC,https://www.google.com/search?q=Malnutrition&oq=Malnutrition&uule=w+CAIQICInQWJ1amEsRmVkZXJhbCBDYXBpdGFsIFRlcnJpdG9yeSxOaWdlcmlh&hl=en&gl=NG&sourceid=chrome&ie=UTF-8,https://serpapi.com/searches/9221cdbb4043ee82/627cfee434ff95c28f3e37b7.html,2.54,Malnutrition,en,NG,53
0,627cfee8edb0348ea0a0e39f,Success,https://serpapi.com/searches/06b9c17a282109d8/627cfee8edb0348ea0a0e39f.json,2022-05-12 12:34:48 UTC,2022-05-12 12:34:48 UTC,https://www.google.com/search?q=Food+Security&oq=Food+Security&uule=w+CAIQICInQWJ1amEsRmVkZXJhbCBDYXBpdGFsIFRlcnJpdG9yeSxOaWdlcmlh&hl=en&gl=NG&sourceid=chrome&ie=UTF-8,https://serpapi.com/searches/06b9c17a282109d8/627cfee8edb0348ea0a0e39f.html,6.42,Food Security,en,NG,54
0,627cfef05b54ef20a59cee14,Success,https://serpapi.com/searches/dcc3b25b358f9d09/627cfef05b54ef20a59cee14.json,2022-05-12 12:34:56 UTC,2022-05-12 12:34:56 UTC,https://www.google.com/search?q=Calorie&oq=Calorie&uule=w+CAIQICInQWJ1amEsRmVkZXJhbCBDYXBpdGFsIFRlcnJpdG9yeSxOaWdlcmlh&hl=en&gl=NG&sourceid=chrome&ie=UTF-8,https://serpapi.com/searches/dcc3b25b358f9d09/627cfef05b54ef20a59cee14.html,1.19,Calorie,en,NG,56
0,627cfef39f55b30b2e4134cd,Success,https://serpapi.com/searches/428a69a669c0034c/627cfef39f55b30b2e4134cd.json,2022-05-12 12:34:59 UTC,2022-05-12 12:34:59 UTC,https://www.google.com/search?q=Renewable+Energy&oq=Renewable+Energy&uule=w+CAIQICInQWJ1amEsRmVkZXJhbCBDYXBpdGFsIFRlcnJpdG9yeSxOaWdlcmlh&hl=en&gl=NG&sourceid=chrome&ie=UTF-8,https://serpapi.com/searches/428a69a669c0034c/627cfef39f55b30b2e4134cd.html,1.43,Renewable Energy,en,NG,58
0,627cfef6303eb1c5cbbf3be3,Success,https://serpapi.com/searches/cf50d8e91f9e42a7/627cfef6303eb1c5cbbf3be3.json,2022-05-12 12:35:02 UTC,2022-05-12 12:35:02 UTC,https://www.google.com/search?q=Climate+change&oq=Climate+change&uule=w+CAIQICInQWJ1amEsRmVkZXJhbCBDYXBpdGFsIFRlcnJpdG9yeSxOaWdlcmlh&hl=en&gl=NG&sourceid=chrome&ie=UTF-8,https://serpapi.com/searches/cf50d8e91f9e42a7/627cfef6303eb1c5cbbf3be3.html,1.65,Climate change,en,NG,59
0,627cfefaaf6304fd00b6acad,Success,https://serpapi.com/searches/cf188d465448972c/627cfefaaf6304fd00b6acad.json,2022-05-12 12:35:06 UTC,2022-05-12 12:35:06 UTC,https://www.google.com/search?q=Soil+contamination&oq=Soil+contamination&uule=w+CAIQICInQWJ1amEsRmVkZXJhbCBDYXBpdGFsIFRlcnJpdG9yeSxOaWdlcmlh&hl=en&gl=NG&sourceid=chrome&ie=UTF-8,https://serpapi.com/searches/cf188d465448972c/627cfefaaf6304fd00b6acad.html,8.75,Soil contamination,en,NG,65
0,627cff042ff421d0fb7668bd,Success,https://serpapi.com/searches/66395fae2ea3ed29/627cff042ff421d0fb7668bd.json,2022-05-12 12:35:16 UTC,2022-05-12 12:35:16 UTC,https://www.google.com/search?q=Greenhouse+gas&oq=Greenhouse+gas&uule=w+CAIQICInQWJ1amEsRmVkZXJhbCBDYXBpdGFsIFRlcnJpdG9yeSxOaWdlcmlh&hl=en&gl=NG&sourceid=chrome&ie=UTF-8,https://serpapi.com/searches/66395fae2ea3ed29/627cff042ff421d0fb7668bd.html,2.51,Greenhouse gas,en,NG,66
0,627cff087d171aee13062329,Success,https://serpapi.com/searches/4bc038df7b248a43/627cff087d171aee13062329.json,2022-05-12 12:35:20 UTC,2022-05-12 12:35:20 UTC,https://www.google.com/search?q=Infection&oq=Infection&uule=w+CAIQICInQWJ1amEsRmVkZXJhbCBDYXBpdGFsIFRlcnJpdG9yeSxOaWdlcmlh&hl=en&gl=NG&sourceid=chrome&ie=UTF-8,https://serpapi.com/searches/4bc038df7b248a43/627cff087d171aee13062329.html,1.36,Infection,en,NG,68
0,627cff0c2348846a3be45eac,Success,https://serpapi.com/searches/69e150cf9f8d8bee/627cff0c2348846a3be45eac.json,2022-05-12 12:35:24 UTC,2022-05-12 12:35:24 UTC,https://www.google.com/search?q=Flood&oq=Flood&uule=w+CAIQICInQWJ1amEsRmVkZXJhbCBDYXBpdGFsIFRlcnJpdG9yeSxOaWdlcmlh&hl=en&gl=NG&sourceid=chrome&ie=UTF-8,https://serpapi.com/searches/69e150cf9f8d8bee/627cff0c2348846a3be45eac.html,4.76,Flood,en,NG,70
0,627cff13eb690ff8011af704,Success,https://serpapi.com/searches/eacaf3b5a3c91d72/627cff13eb690ff8011af704.json,2022-05-12 12:35:31 UTC,2022-05-12 12:35:31 UTC,https://www.google.com/search?q=Drought&oq=Drought&uule=w+CAIQICInQWJ1amEsRmVkZXJhbCBDYXBpdGFsIFRlcnJpdG9yeSxOaWdlcmlh&hl=en&gl=NG&sourceid=chrome&ie=UTF-8,https://serpapi.com/searches/eacaf3b5a3c91d72/627cff13eb690ff8011af704.html,0.71,Drought,en,NG,71
0,627cff15303eb1c5cbbf3bf7,Success,https://serpapi.com/searches/7a305c5ce769dbd8/627cff15303eb1c5cbbf3bf7.json,2022-05-12 12:35:33 UTC,2022-05-12 12:35:33 UTC,https://www.google.com/search?q=%D7%AA%D7%AA+%D7%AA%D7%96%D7%95%D7%A0%D7%94&oq=%D7%AA%D7%AA+%D7%AA%D7%96%D7%95%D7%A0%D7%94&uule=w+CAIQICIjSmVydXNhbGVtLEplcnVzYWxlbSBEaXN0cmljdCxJc3JhZWw=&hl=iw&gl=IL&sourceid=chrome&ie=UTF-8,https://serpapi.com/searches/7a305c5ce769dbd8/627cff15303eb1c5cbbf3bf7.html,1.14,תת תזונה,iw,IL,53
0,627cff179f55b30b2e4134e3,Success,https://serpapi.com/searches/a5ab9ba751a261b1/627cff179f55b30b2e4134e3.json,2022-05-12 12:35:35 UTC,2022-05-12 12:35:35 UTC,https://www.google.com/search?q=%D7%91%D7%98%D7%97%D7%95%D7%9F+%D7%AA%D7%96%D7%95%D7%A0%D7%AA%D7%99&oq=%D7%91%D7%98%D7%97%D7%95%D7%9F+%D7%AA%D7%96%D7%95%D7%A0%D7%AA%D7%99&uule=w+CAIQICIjSmVydXNhbGVtLEplcnVzYWxlbSBEaXN0cmljdCxJc3JhZWw=&hl=iw&gl=IL&sourceid=chrome&ie=UTF-8,https://serpapi.com/searches/a5ab9ba751a261b1/627cff179f55b30b2e4134e3.html,4.59,בטחון תזונתי,iw,IL,54
0,627cff1d2bc7d82d0e1ab77f,Success,https://serpapi.com/searches/fc2ddce2e47545a4/627cff1d2bc7d82d0e1ab77f.json,2022-05-12 12:35:41 UTC,2022-05-12 12:35:41 UTC,https://www.google.com/search?q=%D7%A7%D7%9C%D7%95%D7%A8%D7%99%D7%94&oq=%D7%A7%D7%9C%D7%95%D7%A8%D7%99%D7%94&uule=w+CAIQICIjSmVydXNhbGVtLEplcnVzYWxlbSBEaXN0cmljdCxJc3JhZWw=&hl=iw&gl=IL&sourceid=chrome&ie=UTF-8,https://serpapi.com/searches/fc2ddce2e47545a4/627cff1d2bc7d82d0e1ab77f.html,1.04,קלוריה,iw,IL,56
0,627cff1f37014cb429e51ba0,Success,https://serpapi.com/searches/55d26919f205679e/627cff1f37014cb429e51ba0.json,2022-05-12 12:35:43 UTC,2022-05-12 12:35:43 UTC,https://www.google.com/search?q=%D7%90%D7%A0%D7%A8%D7%92%D7%99%D7%94+%D7%9E%D7%AA%D7%97%D7%93%D7%A9%D7%AA&oq=%D7%90%D7%A0%D7%A8%D7%92%D7%99%D7%94+%D7%9E%D7%AA%D7%97%D7%93%D7%A9%D7%AA&uule=w+CAIQICIjSmVydXNhbGVtLEplcnVzYWxlbSBEaXN0cmljdCxJc3JhZWw=&hl=iw&gl=IL&sourceid=chrome&ie=UTF-8,https://serpapi.com/searches/55d26919f205679e/627cff1f37014cb429e51ba0.html,4.18,אנרגיה מתחדשת,iw,IL,58
0,627cff25f21801efb1ea8e2b,Success,https://serpapi.com/searches/7c99ca843772be91/627cff25f21801efb1ea8e2b.json,2022-05-12 12:35:49 UTC,2022-05-12 12:35:49 UTC,https://www.google.com/search?q=%D7%A9%D7%99%D7%A0%D7%95%D7%99+%D7%90%D7%A7%D7%9C%D7%99%D7%9D&oq=%D7%A9%D7%99%D7%A0%D7%95%D7%99+%D7%90%D7%A7%D7%9C%D7%99%D7%9D&uule=w+CAIQICIjSmVydXNhbGVtLEplcnVzYWxlbSBEaXN0cmljdCxJc3JhZWw=&hl=iw&gl=IL&sourceid=chrome&ie=UTF-8,https://serpapi.com/searches/7c99ca843772be91/627cff25f21801efb1ea8e2b.html,6.33,שינוי אקלים,iw,IL,59
0,627cff2c10d74489715b5210,Success,https://serpapi.com/searches/c30b3f91553acf02/627cff2c10d74489715b5210.json,2022-05-12 12:35:56 UTC,2022-05-12 12:35:56 UTC,https://www.google.com/search?q=%D7%96%D7%99%D7%94%D7%95%D7%9D+%D7%A7%D7%A8%D7%A7%D7%A2&oq=%D7%96%D7%99%D7%94%D7%95%D7%9D+%D7%A7%D7%A8%D7%A7%D7%A2&uule=w+CAIQICIjSmVydXNhbGVtLEplcnVzYWxlbSBEaXN0cmljdCxJc3JhZWw=&hl=iw&gl=IL&sourceid=chrome&ie=UTF-8,https://serpapi.com/searches/c30b3f91553acf02/627cff2c10d74489715b5210.html,13.27,זיהום קרקע,iw,IL,65
0,627cff3b1d986e14d0eeaecb,Success,https://serpapi.com/searches/ea0fe52fdbdf6ab0/627cff3b1d986e14d0eeaecb.json,2022-05-12 12:36:11 UTC,2022-05-12 12:36:11 UTC,https://www.google.com/search?q=%D7%92%D7%96+%D7%97%D7%9E%D7%9E%D7%94&oq=%D7%92%D7%96+%D7%97%D7%9E%D7%9E%D7%94&uule=w+CAIQICIjSmVydXNhbGVtLEplcnVzYWxlbSBEaXN0cmljdCxJc3JhZWw=&hl=iw&gl=IL&sourceid=chrome&ie=UTF-8,https://serpapi.com/searches/ea0fe52fdbdf6ab0/627cff3b1d986e14d0eeaecb.html,0.64,גז חממה,iw,IL,66
0,627cff3d79627c462d98d8ab,Success,https://serpapi.com/searches/1735d58fb1cab36a/627cff3d79627c462d98d8ab.json,2022-05-12 12:36:13 UTC,2022-05-12 12:36:13 UTC,https://www.google.com/search?q=%D7%96%D7%99%D7%94%D7%95%D7%9D+%D7%A8%D7%A4%D7%95%D7%90%D7%94&oq=%D7%96%D7%99%D7%94%D7%95%D7%9D+%D7%A8%D7%A4%D7%95%D7%90%D7%94&uule=w+CAIQICIjSmVydXNhbGVtLEplcnVzYWxlbSBEaXN0cmljdCxJc3JhZWw=&hl=iw&gl=IL&sourceid=chrome&ie=UTF-8,https://serpapi.com/searches/1735d58fb1cab36a/627cff3d79627c462d98d8ab.html,2.3,זיהום רפואה,iw,IL,68
0,627cff405fc493a371e1e0f5,Success,https://serpapi.com/searches/1851c1b6c87e1a85/627cff405fc493a371e1e0f5.json,2022-05-12 12:36:16 UTC,2022-05-12 12:36:16 UTC,https://www.google.com/search?q=%D7%A9%D7%99%D7%98%D7%A4%D7%95%D7%9F&oq=%D7%A9%D7%99%D7%98%D7%A4%D7%95%D7%9F&uule=w+CAIQICIjSmVydXNhbGVtLEplcnVzYWxlbSBEaXN0cmljdCxJc3JhZWw=&hl=iw&gl=IL&sourceid=chrome&ie=UTF-8,https://serpapi.com/searches/1851c1b6c87e1a85/627cff405fc493a371e1e0f5.html,0.92,שיטפון,iw,IL,70
0,627cff422c0844449ab0573d,Success,https://serpapi.com/searches/f7c8189b52b54b55/627cff422c0844449ab0573d.json,2022-05-12 12:36:18 UTC,2022-05-12 12:36:18 UTC,https://www.google.com/search?q=%D7%91%D7%A6%D7%95%D7%A8%D7%AA&oq=%D7%91%D7%A6%D7%95%D7%A8%D7%AA&uule=w+CAIQICIjSmVydXNhbGVtLEplcnVzYWxlbSBEaXN0cmljdCxJc3JhZWw=&hl=iw&gl=IL&sourceid=chrome&ie=UTF-8,https://serpapi.com/searches/f7c8189b52b54b55/627cff422c0844449ab0573d.html,0.71,בצורת,iw,IL,71
0,627cff44af5af1cf12f1e46c,Success,https://serpapi.com/searches/ca341c3ffb73b57f/627cff44af5af1cf12f1e46c.json,2022-05-12 12:36:20 UTC,2022-05-12 12:36:20 UTC,https://www.google.com/search?q=%D0%BD%D0%B5%D0%B4%D0%BE%D1%81%D1%82%D0%B0%D1%82%D0%BE%D1%87%D0%BD%D0%BE%D0%B5+%D0%BF%D0%B8%D1%82%D0%B0%D0%BD%D0%B8%D0%B5&oq=%D0%BD%D0%B5%D0%B4%D0%BE%D1%81%D1%82%D0%B0%D1%82%D0%BE%D1%87%D0%BD%D0%BE%D0%B5+%D0%BF%D0%B8%D1%82%D0%B0%D0%BD%D0%B8%D0%B5&uule=w+CAIQICIUTW9zY293LE1vc2NvdyxSdXNzaWE=&hl=ru&gl=RU&sourceid=chrome&ie=UTF-8,https://serpapi.com/searches/ca341c3ffb73b57f/627cff44af5af1cf12f1e46c.html,1.02,недостаточное питание,ru,RU,53
0,627cff47b7b1cc8e205c3b40,Success,https://serpapi.com/searches/055cc9afcd465ad1/627cff47b7b1cc8e205c3b40.json,2022-05-12 12:36:23 UTC,2022-05-12 12:36:23 UTC,https://www.google.com/search?q=%D0%9F%D1%80%D0%BE%D0%B4%D0%BE%D0%B2%D0%BE%D0%BB%D1%8C%D1%81%D1%82%D0%B2%D0%B5%D0%BD%D0%BD%D0%B0%D1%8F+%D0%B1%D0%B5%D0%B7%D0%BE%D0%BF%D0%B0%D1%81%D0%BD%D0%BE%D1%81%D1%82%D1%8C&oq=%D0%9F%D1%80%D0%BE%D0%B4%D0%BE%D0%B2%D0%BE%D0%BB%D1%8C%D1%81%D1%82%D0%B2%D0%B5%D0%BD%D0%BD%D0%B0%D1%8F+%D0%B1%D0%B5%D0%B7%D0%BE%D0%BF%D0%B0%D1%81%D0%BD%D0%BE%D1%81%D1%82%D1%8C&uule=w+CAIQICIUTW9zY293LE1vc2NvdyxSdXNzaWE=&hl=ru&gl=RU&sourceid=chrome&ie=UTF-8,https://serpapi.com/searches/055cc9afcd465ad1/627cff47b7b1cc8e205c3b40.html,1.25,Продовольственная безопасность,ru,RU,54
0,627cff49477c0e38ef13ea51,Success,https://serpapi.com/searches/9dfe3a81dd1ef8ae/627cff49477c0e38ef13ea51.json,2022-05-12 12:36:25 UTC,2022-05-12 12:36:25 UTC,https://www.google.com/search?q=%D0%9A%D0%B0%D0%BB%D0%BE%D1%80%D0%B8%D1%8F&oq=%D0%9A%D0%B0%D0%BB%D0%BE%D1%80%D0%B8%D1%8F&uule=w+CAIQICIUTW9zY293LE1vc2NvdyxSdXNzaWE=&hl=ru&gl=RU&sourceid=chrome&ie=UTF-8,https://serpapi.com/searches/9dfe3a81dd1ef8ae/627cff49477c0e38ef13ea51.html,8.87,Калория,ru,RU,56
0,627cff548b7ed2b81b76fe36,Success,https://serpapi.com/searches/3bf933f1eca0285b/627cff548b7ed2b81b76fe36.json,2022-05-12 12:36:36 UTC,2022-05-12 12:36:36 UTC,https://www.google.com/search?q=%D0%92%D0%BE%D0%B7%D0%BE%D0%B1%D0%BD%D0%BE%D0%B2%D0%BB%D1%8F%D0%B5%D0%BC%D0%B0%D1%8F+%D1%8D%D0%BD%D0%B5%D1%80%D0%B3%D0%B8%D1%8F&oq=%D0%92%D0%BE%D0%B7%D0%BE%D0%B1%D0%BD%D0%BE%D0%B2%D0%BB%D1%8F%D0%B5%D0%BC%D0%B0%D1%8F+%D1%8D%D0%BD%D0%B5%D1%80%D0%B3%D0%B8%D1%8F&uule=w+CAIQICIUTW9zY293LE1vc2NvdyxSdXNzaWE=&hl=ru&gl=RU&sourceid=chrome&ie=UTF-8,https://serpapi.com/searches/3bf933f1eca0285b/627cff548b7ed2b81b76fe36.html,8.69,Возобновляемая энергия,ru,RU,58
0,627cff5df55d77a0f542d84b,Success,https://serpapi.com/searches/73f0eefc0dcc049f/627cff5df55d77a0f542d84b.json,2022-05-12 12:36:45 UTC,2022-05-12 12:36:45 UTC,https://www.google.com/search?q=%D0%93%D0%BB%D0%BE%D0%B1%D0%B0%D0%BB%D1%8C%D0%BD%D0%BE%D0%B5+%D0%BF%D0%BE%D1%82%D0%B5%D0%BF%D0%BB%D0%B5%D0%BD%D0%B8%D0%B5&oq=%D0%93%D0%BB%D0%BE%D0%B1%D0%B0%D0%BB%D1%8C%D0%BD%D0%BE%D0%B5+%D0%BF%D0%BE%D1%82%D0%B5%D0%BF%D0%BB%D0%B5%D0%BD%D0%B8%D0%B5&uule=w+CAIQICIUTW9zY293LE1vc2NvdyxSdXNzaWE=&hl=ru&gl=RU&sourceid=chrome&ie=UTF-8,https://serpapi.com/searches/73f0eefc0dcc049f/627cff5df55d77a0f542d84b.html,1.28,Глобальное потепление,ru,RU,59
0,627cff604d443d13326ce1ed,Success,https://serpapi.com/searches/b709ee7bd7e9f17e/627cff604d443d13326ce1ed.json,2022-05-12 12:36:48 UTC,2022-05-12 12:36:48 UTC,https://www.google.com/search?q=%D0%97%D0%B0%D0%B3%D1%80%D1%8F%D0%B7%D0%BD%D0%B5%D0%BD%D0%B8%D0%B5+%D0%BF%D0%BE%D1%87%D0%B2%D1%8B&oq=%D0%97%D0%B0%D0%B3%D1%80%D1%8F%D0%B7%D0%BD%D0%B5%D0%BD%D0%B8%D0%B5+%D0%BF%D0%BE%D1%87%D0%B2%D1%8B&uule=w+CAIQICIUTW9zY293LE1vc2NvdyxSdXNzaWE=&hl=ru&gl=RU&sourceid=chrome&ie=UTF-8,https://serpapi.com/searches/b709ee7bd7e9f17e/627cff604d443d13326ce1ed.html,1.25,Загрязнение почвы,ru,RU,65
0,627cff63c47d3c493ab7ec6d,Success,https://serpapi.com/searches/4bab5196a3cb2f86/627cff63c47d3c493ab7ec6d.json,2022-05-12 12:36:51 UTC,2022-05-12 12:36:51 UTC,https://www.google.com/search?q=%D0%9F%D0%B0%D1%80%D0%BD%D0%B8%D0%BA%D0%BE%D0%B2%D1%8B%D0%B5+%D0%B3%D0%B0%D0%B7%D1%8B&oq=%D0%9F%D0%B0%D1%80%D0%BD%D0%B8%D0%BA%D0%BE%D0%B2%D1%8B%D0%B5+%D0%B3%D0%B0%D0%B7%D1%8B&uule=w+CAIQICIUTW9zY293LE1vc2NvdyxSdXNzaWE=&hl=ru&gl=RU&sourceid=chrome&ie=UTF-8,https://serpapi.com/searches/4bab5196a3cb2f86/627cff63c47d3c493ab7ec6d.html,2.21,Парниковые газы,ru,RU,66
0,627cff661c450ad6992fe260,Success,https://serpapi.com/searches/71b1cbd19850d305/627cff661c450ad6992fe260.json,2022-05-12 12:36:54 UTC,2022-05-12 12:36:54 UTC,https://www.google.com/search?q=%D0%98%D0%BD%D1%84%D0%B5%D0%BA%D1%86%D0%B8%D1%8F&oq=%D0%98%D0%BD%D1%84%D0%B5%D0%BA%D1%86%D0%B8%D1%8F&uule=w+CAIQICIUTW9zY293LE1vc2NvdyxSdXNzaWE=&hl=ru&gl=RU&sourceid=chrome&ie=UTF-8,https://serpapi.com/searches/71b1cbd19850d305/627cff661c450ad6992fe260.html,2.3,Инфекция,ru,RU,68
0,627cff6af05eb832d499f305,Success,https://serpapi.com/searches/b66097879991e884/627cff6af05eb832d499f305.json,2022-05-12 12:36:58 UTC,2022-05-12 12:36:58 UTC,https://www.google.com/search?q=%D0%9D%D0%B0%D0%B2%D0%BE%D0%B4%D0%BD%D0%B5%D0%BD%D0%B8%D0%B5&oq=%D0%9D%D0%B0%D0%B2%D0%BE%D0%B4%D0%BD%D0%B5%D0%BD%D0%B8%D0%B5&uule=w+CAIQICIUTW9zY293LE1vc2NvdyxSdXNzaWE=&hl=ru&gl=RU&sourceid=chrome&ie=UTF-8,https://serpapi.com/searches/b66097879991e884/627cff6af05eb832d499f305.html,0.66,Наводнение,ru,RU,70
0,627cff6ca3f4ef44a725b522,Success,https://serpapi.com/searches/5f131a9d2c0129e0/627cff6ca3f4ef44a725b522.json,2022-05-12 12:37:00 UTC,2022-05-12 12:37:00 UTC,https://www.google.com/search?q=%D0%97%D0%B0%D1%81%D1%83%D1%85%D0%B0&oq=%D0%97%D0%B0%D1%81%D1%83%D1%85%D0%B0&uule=w+CAIQICIUTW9zY293LE1vc2NvdyxSdXNzaWE=&hl=ru&gl=RU&sourceid=chrome&ie=UTF-8,https://serpapi.com/searches/5f131a9d2c0129e0/627cff6ca3f4ef44a725b522.html,1.01,Засуха,ru,RU,71
0,627cff6f437af2826657f015,Success,https://serpapi.com/searches/c5266c397c86625d/627cff6f437af2826657f015.json,2022-05-12 12:37:03 UTC,2022-05-12 12:37:03 UTC,https://www.google.com/search?q=%D8%B3%D9%88%D8%A1+%D8%A7%D9%84%D8%AA%D8%BA%D8%B0%D9%8A%D8%A9&oq=%D8%B3%D9%88%D8%A1+%D8%A7%D9%84%D8%AA%D8%BA%D8%B0%D9%8A%D8%A9&uule=w+CAIQICIdQ2Fpcm8sQ2Fpcm8gR292ZXJub3JhdGUsRWd5cHQ=&hl=ar&gl=EG&sourceid=chrome&ie=UTF-8,https://serpapi.com/searches/c5266c397c86625d/627cff6f437af2826657f015.html,0.68,سوء التغذية,ar,EG,53
0,627cff712236e2b80cf37865,Success,https://serpapi.com/searches/b0b2e6cbc7ae9ce5/627cff712236e2b80cf37865.json,2022-05-12 12:37:05 UTC,2022-05-12 12:37:05 UTC,https://www.google.com/search?q=%D8%A7%D9%84%D8%A7%D9%85%D9%86+%D8%A7%D9%84%D8%BA%D8%B0%D8%A7%D8%A6%D9%8A&oq=%D8%A7%D9%84%D8%A7%D9%85%D9%86+%D8%A7%D9%84%D8%BA%D8%B0%D8%A7%D8%A6%D9%8A&uule=w+CAIQICIdQ2Fpcm8sQ2Fpcm8gR292ZXJub3JhdGUsRWd5cHQ=&hl=ar&gl=EG&sourceid=chrome&ie=UTF-8,https://serpapi.com/searches/b0b2e6cbc7ae9ce5/627cff712236e2b80cf37865.html,0.71,الامن الغذائي,ar,EG,54
0,627cff7358762b6e1598df60,Success,https://serpapi.com/searches/3144fa3d06a8a27e/627cff7358762b6e1598df60.json,2022-05-12 12:37:07 UTC,2022-05-12 12:37:07 UTC,https://www.google.com/search?q=%D8%B3%D8%B9%D8%B1%D8%A9+%D8%AD%D8%B1%D8%A7%D8%B1%D9%8A%D8%A9&oq=%D8%B3%D8%B9%D8%B1%D8%A9+%D8%AD%D8%B1%D8%A7%D8%B1%D9%8A%D8%A9&uule=w+CAIQICIdQ2Fpcm8sQ2Fpcm8gR292ZXJub3JhdGUsRWd5cHQ=&hl=ar&gl=EG&sourceid=chrome&ie=UTF-8,https://serpapi.com/searches/3144fa3d06a8a27e/627cff7358762b6e1598df60.html,0.62,سعرة حرارية,ar,EG,56
0,627cff7517f923b623f757e6,Success,https://serpapi.com/searches/80f0cfd658f9daad/627cff7517f923b623f757e6.json,2022-05-12 12:37:09 UTC,2022-05-12 12:37:09 UTC,https://www.google.com/search?q=%D8%B7%D8%A7%D9%82%D8%A9+%D9%85%D8%AA%D8%AC%D8%AF%D8%AF%D8%A9&oq=%D8%B7%D8%A7%D9%82%D8%A9+%D9%85%D8%AA%D8%AC%D8%AF%D8%AF%D8%A9&uule=w+CAIQICIdQ2Fpcm8sQ2Fpcm8gR292ZXJub3JhdGUsRWd5cHQ=&hl=ar&gl=EG&sourceid=chrome&ie=UTF-8,https://serpapi.com/searches/80f0cfd658f9daad/627cff7517f923b623f757e6.html,0.63,طاقة متجددة,ar,EG,58
0,627cff772348846ae42714bd,Success,https://serpapi.com/searches/02b3a2982eaf7c68/627cff772348846ae42714bd.json,2022-05-12 12:37:11 UTC,2022-05-12 12:37:11 UTC,https://www.google.com/search?q=%D8%A7%D9%84%D8%A7%D8%AD%D8%AA%D8%A8%D8%A7%D8%B3+%D8%A7%D9%84%D8%AD%D8%B1%D8%A7%D8%B1%D9%8A&oq=%D8%A7%D9%84%D8%A7%D8%AD%D8%AA%D8%A8%D8%A7%D8%B3+%D8%A7%D9%84%D8%AD%D8%B1%D8%A7%D8%B1%D9%8A&uule=w+CAIQICIdQ2Fpcm8sQ2Fpcm8gR292ZXJub3JhdGUsRWd5cHQ=&hl=ar&gl=EG&sourceid=chrome&ie=UTF-8,https://serpapi.com/searches/02b3a2982eaf7c68/627cff772348846ae42714bd.html,1.43,الاحتباس الحراري,ar,EG,59
0,627cff7aaef264ab799a7982,Success,https://serpapi.com/searches/5d1e7a04da55d064/627cff7aaef264ab799a7982.json,2022-05-12 12:37:14 UTC,2022-05-12 12:37:14 UTC,https://www.google.com/search?q=%D8%AA%D9%84%D9%88%D8%AB+%D8%A7%D9%84%D8%AA%D8%B1%D8%A8%D8%A9&oq=%D8%AA%D9%84%D9%88%D8%AB+%D8%A7%D9%84%D8%AA%D8%B1%D8%A8%D8%A9&uule=w+CAIQICIdQ2Fpcm8sQ2Fpcm8gR292ZXJub3JhdGUsRWd5cHQ=&hl=ar&gl=EG&sourceid=chrome&ie=UTF-8,https://serpapi.com/searches/5d1e7a04da55d064/627cff7aaef264ab799a7982.html,1.19,تلوث التربة,ar,EG,65
0,627cff7cd5ecf45784f4ccbd,Success,https://serpapi.com/searches/ab96366b0f0dadf6/627cff7cd5ecf45784f4ccbd.json,2022-05-12 12:37:16 UTC,2022-05-12 12:37:16 UTC,https://www.google.com/search?q=%D8%BA%D8%A7%D8%B2%D8%A7%D8%AA+%D8%AF%D9%81%D9%8A%D8%A6%D8%A9&oq=%D8%BA%D8%A7%D8%B2%D8%A7%D8%AA+%D8%AF%D9%81%D9%8A%D8%A6%D8%A9&uule=w+CAIQICIdQ2Fpcm8sQ2Fpcm8gR292ZXJub3JhdGUsRWd5cHQ=&hl=ar&gl=EG&sourceid=chrome&ie=UTF-8,https://serpapi.com/searches/ab96366b0f0dadf6/627cff7cd5ecf45784f4ccbd.html,2.85,غازات دفيئة,ar,EG,66
0,627cff81fdca3e08553b38cf,Success,https://serpapi.com/searches/1e794e86674493e3/627cff81fdca3e08553b38cf.json,2022-05-12 12:37:21 UTC,2022-05-12 12:37:21 UTC,https://www.google.com/search?q=%D8%B9%D8%AF%D9%88%D9%89&oq=%D8%B9%D8%AF%D9%88%D9%89&uule=w+CAIQICIdQ2Fpcm8sQ2Fpcm8gR292ZXJub3JhdGUsRWd5cHQ=&hl=ar&gl=EG&sourceid=chrome&ie=UTF-8,https://serpapi.com/searches/1e794e86674493e3/627cff81fdca3e08553b38cf.html,3.05,عدوى,ar,EG,68
0,627cff85ca968f48efc649b9,Success,https://serpapi.com/searches/510a426377022c78/627cff85ca968f48efc649b9.json,2022-05-12 12:37:25 UTC,2022-05-12 12:37:25 UTC,https://www.google.com/search?q=%D8%A7%D9%84%D9%81%D9%8A%D8%B6%D8%A7%D9%86&oq=%D8%A7%D9%84%D9%81%D9%8A%D8%B6%D8%A7%D9%86&uule=w+CAIQICIdQ2Fpcm8sQ2Fpcm8gR292ZXJub3JhdGUsRWd5cHQ=&hl=ar&gl=EG&sourceid=chrome&ie=UTF-8,https://serpapi.com/searches/510a426377022c78/627cff85ca968f48efc649b9.html,14.98,الفيضان,ar,EG,70
0,627cff965b54ef20a59cee88,Success,https://serpapi.com/searches/d726d9c81d965ff5/627cff965b54ef20a59cee88.json,2022-05-12 12:37:42 UTC,2022-05-12 12:37:42 UTC,https://www.google.com/search?q=%D8%AC%D9%81%D8%A7%D9%81&oq=%D8%AC%D9%81%D8%A7%D9%81&uule=w+CAIQICIdQ2Fpcm8sQ2Fpcm8gR292ZXJub3JhdGUsRWd5cHQ=&hl=ar&gl=EG&sourceid=chrome&ie=UTF-8,https://serpapi.com/searches/d726d9c81d965ff5/627cff965b54ef20a59cee88.html,3.62,جفاف,ar,EG,71
0,627cff9b1d986e14d0eeaeec,Success,https://serpapi.com/searches/90095ef36c1721f7/627cff9b1d986e14d0eeaeec.json,2022-05-12 12:37:47 UTC,2022-05-12 12:37:47 UTC,https://www.google.com/search?q=Malnutrici%C3%B3n&oq=Malnutrici%C3%B3n&uule=w+CAIQICIgTWFkcmlkLENvbW11bml0eSBvZiBNYWRyaWQsU3BhaW4=&hl=es&gl=ES&sourceid=chrome&ie=UTF-8,https://serpapi.com/searches/90095ef36c1721f7/627cff9b1d986e14d0eeaeec.html,8.68,Malnutrición,es,ES,53
0,627cffa5fa8675e8bbaf4bf0,Success,https://serpapi.com/searches/f03c3f6620935996/627cffa5fa8675e8bbaf4bf0.json,2022-05-12 12:37:57 UTC,2022-05-12 12:37:57 UTC,https://www.google.com/search?q=Seguridad+alimentaria&oq=Seguridad+alimentaria&uule=w+CAIQICIgTWFkcmlkLENvbW11bml0eSBvZiBNYWRyaWQsU3BhaW4=&hl=es&gl=ES&sourceid=chrome&ie=UTF-8,https://serpapi.com/searches/f03c3f6620935996/627cffa5fa8675e8bbaf4bf0.html,4.64,Seguridad alimentaria,es,ES,54
0,627cffab9bddf70078c2144b,Success,https://serpapi.com/searches/9d4cba5e32a4b60f/627cffab9bddf70078c2144b.json,2022-05-12 12:38:03 UTC,2022-05-12 12:38:03 UTC,https://www.google.com/search?q=Calor%C3%ADa&oq=Calor%C3%ADa&uule=w+CAIQICIgTWFkcmlkLENvbW11bml0eSBvZiBNYWRyaWQsU3BhaW4=&hl=es&gl=ES&sourceid=chrome&ie=UTF-8,https://serpapi.com/searches/9d4cba5e32a4b60f/627cffab9bddf70078c2144b.html,7.13,Caloría,es,ES,56
0,627cffb45fc493a2daa7eaba,Success,https://serpapi.com/searches/7593d429ddce5723/627cffb45fc493a2daa7eaba.json,2022-05-12 12:38:12 UTC,2022-05-12 12:38:12 UTC,https://www.google.com/search?q=Energ%C3%ADa+renovable&oq=Energ%C3%ADa+renovable&uule=w+CAIQICIgTWFkcmlkLENvbW11bml0eSBvZiBNYWRyaWQsU3BhaW4=&hl=es&gl=ES&sourceid=chrome&ie=UTF-8,https://serpapi.com/searches/7593d429ddce5723/627cffb45fc493a2daa7eaba.html,2.1,Energía renovable,es,ES,58
0,627cffb8607393c0ca620534,Success,https://serpapi.com/searches/0a8f8a0129db77dc/627cffb8607393c0ca620534.json,2022-05-12 12:38:16 UTC,2022-05-12 12:38:16 UTC,https://www.google.com/search?q=Calentamiento+global&oq=Calentamiento+global&uule=w+CAIQICIgTWFkcmlkLENvbW11bml0eSBvZiBNYWRyaWQsU3BhaW4=&hl=es&gl=ES&sourceid=chrome&ie=UTF-8,https://serpapi.com/searches/0a8f8a0129db77dc/627cffb8607393c0ca620534.html,2.99,Calentamiento global,es,ES,59
0,627cffbc2c68781da48ec597,Success,https://serpapi.com/searches/e65eb0e05b14f96f/627cffbc2c68781da48ec597.json,2022-05-12 12:38:20 UTC,2022-05-12 12:38:20 UTC,https://www.google.com/search?q=Contaminaci%C3%B3n+del+suelo&oq=Contaminaci%C3%B3n+del+suelo&uule=w+CAIQICIgTWFkcmlkLENvbW11bml0eSBvZiBNYWRyaWQsU3BhaW4=&hl=es&gl=ES&sourceid=chrome&ie=UTF-8,https://serpapi.com/searches/e65eb0e05b14f96f/627cffbc2c68781da48ec597.html,12.7,Contaminación del suelo,es,ES,65
0,627cffcb437af2826657f03d,Success,https://serpapi.com/searches/3e2dd73ef1228343/627cffcb437af2826657f03d.json,2022-05-12 12:38:35 UTC,2022-05-12 12:38:35 UTC,https://www.google.com/search?q=Gas+de+efecto+invernadero&oq=Gas+de+efecto+invernadero&uule=w+CAIQICIgTWFkcmlkLENvbW11bml0eSBvZiBNYWRyaWQsU3BhaW4=&hl=es&gl=ES&sourceid=chrome&ie=UTF-8,https://serpapi.com/searches/3e2dd73ef1228343/627cffcb437af2826657f03d.html,1.07,Gas de efecto invernadero,es,ES,66
0,627cffce1baebbc3a676726c,Success,https://serpapi.com/searches/a50c9d3b33c54626/627cffce1baebbc3a676726c.json,2022-05-12 12:38:38 UTC,2022-05-12 12:38:38 UTC,https://www.google.com/search?q=Infecci%C3%B3n&oq=Infecci%C3%B3n&uule=w+CAIQICIgTWFkcmlkLENvbW11bml0eSBvZiBNYWRyaWQsU3BhaW4=&hl=es&gl=ES&sourceid=chrome&ie=UTF-8,https://serpapi.com/searches/a50c9d3b33c54626/627cffce1baebbc3a676726c.html,5.24,Infección,es,ES,68
0,627cffd4c47d3c493ab7eca6,Success,https://serpapi.com/searches/2f622f4d2bfbba48/627cffd4c47d3c493ab7eca6.json,2022-05-12 12:38:44 UTC,2022-05-12 12:38:44 UTC,https://www.google.com/search?q=Inundaci%C3%B3n&oq=Inundaci%C3%B3n&uule=w+CAIQICIgTWFkcmlkLENvbW11bml0eSBvZiBNYWRyaWQsU3BhaW4=&hl=es&gl=ES&sourceid=chrome&ie=UTF-8,https://serpapi.com/searches/2f622f4d2bfbba48/627cffd4c47d3c493ab7eca6.html,5.15,Inundación,es,ES,70
0,627cffdb14b24578e5cf995a,Success,https://serpapi.com/searches/23b9d028cb097ac5/627cffdb14b24578e5cf995a.json,2022-05-12 12:38:51 UTC,2022-05-12 12:38:52 UTC,https://www.google.com/search?q=Sequ%C3%ADa&oq=Sequ%C3%ADa&uule=w+CAIQICIgTWFkcmlkLENvbW11bml0eSBvZiBNYWRyaWQsU3BhaW4=&hl=es&gl=ES&sourceid=chrome&ie=UTF-8,https://serpapi.com/searches/23b9d028cb097ac5/627cffdb14b24578e5cf995a.html,3.86,Sequía,es,ES,71
0,627cffe4e4a23d1579ecb11d,Success,https://serpapi.com/searches/d9f96bc5915814b6/627cffe4e4a23d1579ecb11d.json,2022-05-12 12:39:00 UTC,2022-05-12 12:39:00 UTC,https://www.google.com/search?q=Malnutrition&oq=Malnutrition&uule=w+CAIQICIgUGFyaXMsUGFyaXMsSWxlLWRlLUZyYW5jZSxGcmFuY2U=&hl=fr&gl=FR&sourceid=chrome&ie=UTF-8,https://serpapi.com/searches/d9f96bc5915814b6/627cffe4e4a23d1579ecb11d.html,1.17,Malnutrition,fr,FR,53
0,627cffe7e135084884e0aba1,Success,https://serpapi.com/searches/9e553e5247e73d06/627cffe7e135084884e0aba1.json,2022-05-12 12:39:03 UTC,2022-05-12 12:39:03 UTC,https://www.google.com/search?q=S%C3%A9curit%C3%A9+alimentaire&oq=S%C3%A9curit%C3%A9+alimentaire&uule=w+CAIQICIgUGFyaXMsUGFyaXMsSWxlLWRlLUZyYW5jZSxGcmFuY2U=&hl=fr&gl=FR&sourceid=chrome&ie=UTF-8,https://serpapi.com/searches/9e553e5247e73d06/627cffe7e135084884e0aba1.html,0.94,Sécurité alimentaire,fr,FR,54
0,627cffeae4a23d1579ecb120,Success,https://serpapi.com/searches/f002cfbf0520eefd/627cffeae4a23d1579ecb120.json,2022-05-12 12:39:06 UTC,2022-05-12 12:39:06 UTC,https://www.google.com/search?q=Calorie&oq=Calorie&uule=w+CAIQICIgUGFyaXMsUGFyaXMsSWxlLWRlLUZyYW5jZSxGcmFuY2U=&hl=fr&gl=FR&sourceid=chrome&ie=UTF-8,https://serpapi.com/searches/f002cfbf0520eefd/627cffeae4a23d1579ecb120.html,2.97,Calorie,fr,FR,56
0,627cffef95bf92fe76d920b6,Success,https://serpapi.com/searches/b756fc505019f73d/627cffef95bf92fe76d920b6.json,2022-05-12 12:39:11 UTC,2022-05-12 12:39:11 UTC,https://www.google.com/search?q=%C3%89nergie+renouvelable&oq=%C3%89nergie+renouvelable&uule=w+CAIQICIgUGFyaXMsUGFyaXMsSWxlLWRlLUZyYW5jZSxGcmFuY2U=&hl=fr&gl=FR&sourceid=chrome&ie=UTF-8,https://serpapi.com/searches/b756fc505019f73d/627cffef95bf92fe76d920b6.html,0.86,Énergie renouvelable,fr,FR,58
0,627cfff22ff421d0610e8854,Success,https://serpapi.com/searches/e3ca6c237566d662/627cfff22ff421d0610e8854.json,2022-05-12 12:39:14 UTC,2022-05-12 12:39:14 UTC,https://www.google.com/search?q=Changement+climatique&oq=Changement+climatique&uule=w+CAIQICIgUGFyaXMsUGFyaXMsSWxlLWRlLUZyYW5jZSxGcmFuY2U=&hl=fr&gl=FR&sourceid=chrome&ie=UTF-8,https://serpapi.com/searches/e3ca6c237566d662/627cfff22ff421d0610e8854.html,0.81,Changement climatique,fr,FR,59
0,627cfff4d04d6d1fd3cf285c,Success,https://serpapi.com/searches/ea1efb0907056860/627cfff4d04d6d1fd3cf285c.json,2022-05-12 12:39:16 UTC,2022-05-12 12:39:16 UTC,https://www.google.com/search?q=Pollution+du+sol&oq=Pollution+du+sol&uule=w+CAIQICIgUGFyaXMsUGFyaXMsSWxlLWRlLUZyYW5jZSxGcmFuY2U=&hl=fr&gl=FR&sourceid=chrome&ie=UTF-8,https://serpapi.com/searches/ea1efb0907056860/627cfff4d04d6d1fd3cf285c.html,3.49,Pollution du sol,fr,FR,65
0,627cfff9aa6c95b57f9992ac,Success,https://serpapi.com/searches/2a432136c3fff3a2/627cfff9aa6c95b57f9992ac.json,2022-05-12 12:39:21 UTC,2022-05-12 12:39:21 UTC,https://www.google.com/search?q=Gaz+%C3%A0+effet+de+serre&oq=Gaz+%C3%A0+effet+de+serre&uule=w+CAIQICIgUGFyaXMsUGFyaXMsSWxlLWRlLUZyYW5jZSxGcmFuY2U=&hl=fr&gl=FR&sourceid=chrome&ie=UTF-8,https://serpapi.com/searches/2a432136c3fff3a2/627cfff9aa6c95b57f9992ac.html,0.61,Gaz à effet de serre,fr,FR,66
0,627cfffbe135084884e0abb4,Success,https://serpapi.com/searches/cccfdf7a82caaa26/627cfffbe135084884e0abb4.json,2022-05-12 12:39:23 UTC,2022-05-12 12:39:23 UTC,https://www.google.com/search?q=Infection&oq=Infection&uule=w+CAIQICIgUGFyaXMsUGFyaXMsSWxlLWRlLUZyYW5jZSxGcmFuY2U=&hl=fr&gl=FR&sourceid=chrome&ie=UTF-8,https://serpapi.com/searches/cccfdf7a82caaa26/627cfffbe135084884e0abb4.html,2.23,Infection,fr,FR,68
0,627cffffd5ecf45784f4ccf8,Success,https://serpapi.com/searches/c59cf1f699d0127a/627cffffd5ecf45784f4ccf8.json,2022-05-12 12:39:27 UTC,2022-05-12 12:39:27 UTC,https://www.google.com/search?q=Inondation&oq=Inondation&uule=w+CAIQICIgUGFyaXMsUGFyaXMsSWxlLWRlLUZyYW5jZSxGcmFuY2U=&hl=fr&gl=FR&sourceid=chrome&ie=UTF-8,https://serpapi.com/searches/c59cf1f699d0127a/627cffffd5ecf45784f4ccf8.html,0.74,Inondation,fr,FR,70
0,627d0001629a01f803d9ec05,Success,https://serpapi.com/searches/cea176c39b5049f0/627d0001629a01f803d9ec05.json,2022-05-12 12:39:29 UTC,2022-05-12 12:39:29 UTC,https://www.google.com/search?q=S%C3%A9cheresse&oq=S%C3%A9cheresse&uule=w+CAIQICIgUGFyaXMsUGFyaXMsSWxlLWRlLUZyYW5jZSxGcmFuY2U=&hl=fr&gl=FR&sourceid=chrome&ie=UTF-8,https://serpapi.com/searches/cea176c39b5049f0/627d0001629a01f803d9ec05.html,1.64,Sécheresse,fr,FR,71
0,627d00042fe3022005d81faf,Success,https://serpapi.com/searches/d4464b1ef7184b50/627d00042fe3022005d81faf.json,2022-05-12 12:39:32 UTC,2022-05-12 12:39:32 UTC,https://www.google.com/search?q=Malnutrici%C3%B3n&oq=Malnutrici%C3%B3n&uule=w+CAIQICIjQnVlbm9zIEFpcmVzLEJ1ZW5vcyBBaXJlcyxBcmdlbnRpbmE=&hl=es&gl=AR&sourceid=chrome&ie=UTF-8,https://serpapi.com/searches/d4464b1ef7184b50/627d00042fe3022005d81faf.html,2.67,Malnutrición,es,AR,53
0,627d0008d5b1c5b4183b52e0,Success,https://serpapi.com/searches/b514ec9c43b54d06/627d0008d5b1c5b4183b52e0.json,2022-05-12 12:39:36 UTC,2022-05-12 12:39:36 UTC,https://www.google.com/search?q=Seguridad+alimentaria&oq=Seguridad+alimentaria&uule=w+CAIQICIjQnVlbm9zIEFpcmVzLEJ1ZW5vcyBBaXJlcyxBcmdlbnRpbmE=&hl=es&gl=AR&sourceid=chrome&ie=UTF-8,https://serpapi.com/searches/b514ec9c43b54d06/627d0008d5b1c5b4183b52e0.html,0.76,Seguridad alimentaria,es,AR,54
0,627d000a1baebbc3a676728e,Success,https://serpapi.com/searches/64a872c8bed21b9a/627d000a1baebbc3a676728e.json,2022-05-12 12:39:38 UTC,2022-05-12 12:39:38 UTC,https://www.google.com/search?q=Calor%C3%ADa&oq=Calor%C3%ADa&uule=w+CAIQICIjQnVlbm9zIEFpcmVzLEJ1ZW5vcyBBaXJlcyxBcmdlbnRpbmE=&hl=es&gl=AR&sourceid=chrome&ie=UTF-8,https://serpapi.com/searches/64a872c8bed21b9a/627d000a1baebbc3a676728e.html,1.96,Caloría,es,AR,56
0,627d000e1e803f24a181d85e,Success,https://serpapi.com/searches/7842b72ae090d505/627d000e1e803f24a181d85e.json,2022-05-12 12:39:42 UTC,2022-05-12 12:39:42 UTC,https://www.google.com/search?q=Energ%C3%ADa+renovable&oq=Energ%C3%ADa+renovable&uule=w+CAIQICIjQnVlbm9zIEFpcmVzLEJ1ZW5vcyBBaXJlcyxBcmdlbnRpbmE=&hl=es&gl=AR&sourceid=chrome&ie=UTF-8,https://serpapi.com/searches/7842b72ae090d505/627d000e1e803f24a181d85e.html,0.78,Energía renovable,es,AR,58
0,627d0010f636ffb48a05a88f,Success,https://serpapi.com/searches/9e6141a9e6a6e776/627d0010f636ffb48a05a88f.json,2022-05-12 12:39:44 UTC,2022-05-12 12:39:44 UTC,https://www.google.com/search?q=Calentamiento+global&oq=Calentamiento+global&uule=w+CAIQICIjQnVlbm9zIEFpcmVzLEJ1ZW5vcyBBaXJlcyxBcmdlbnRpbmE=&hl=es&gl=AR&sourceid=chrome&ie=UTF-8,https://serpapi.com/searches/9e6141a9e6a6e776/627d0010f636ffb48a05a88f.html,0.98,Calentamiento global,es,AR,59
0,627d001318ca862c26988c33,Success,https://serpapi.com/searches/b3c3867bcaa859cc/627d001318ca862c26988c33.json,2022-05-12 12:39:47 UTC,2022-05-12 12:39:47 UTC,https://www.google.com/search?q=Contaminaci%C3%B3n+del+suelo&oq=Contaminaci%C3%B3n+del+suelo&uule=w+CAIQICIjQnVlbm9zIEFpcmVzLEJ1ZW5vcyBBaXJlcyxBcmdlbnRpbmE=&hl=es&gl=AR&sourceid=chrome&ie=UTF-8,https://serpapi.com/searches/b3c3867bcaa859cc/627d001318ca862c26988c33.html,0.81,Contaminación del suelo,es,AR,65
0,627d001596f5d72d0c2f2c93,Success,https://serpapi.com/searches/31eb05ce2da3534d/627d001596f5d72d0c2f2c93.json,2022-05-12 12:39:49 UTC,2022-05-12 12:39:49 UTC,https://www.google.com/search?q=Gas+de+efecto+invernadero&oq=Gas+de+efecto+invernadero&uule=w+CAIQICIjQnVlbm9zIEFpcmVzLEJ1ZW5vcyBBaXJlcyxBcmdlbnRpbmE=&hl=es&gl=AR&sourceid=chrome&ie=UTF-8,https://serpapi.com/searches/31eb05ce2da3534d/627d001596f5d72d0c2f2c93.html,4.73,Gas de efecto invernadero,es,AR,66
0,627d001b37b24a99eaa701cd,Success,https://serpapi.com/searches/9d828d2113e9af61/627d001b37b24a99eaa701cd.json,2022-05-12 12:39:55 UTC,2022-05-12 12:39:55 UTC,https://www.google.com/search?q=Infecci%C3%B3n&oq=Infecci%C3%B3n&uule=w+CAIQICIjQnVlbm9zIEFpcmVzLEJ1ZW5vcyBBaXJlcyxBcmdlbnRpbmE=&hl=es&gl=AR&sourceid=chrome&ie=UTF-8,https://serpapi.com/searches/9d828d2113e9af61/627d001b37b24a99eaa701cd.html,0.73,Infección,es,AR,68
0,627d001e3d6919aa93c4604d,Success,https://serpapi.com/searches/86ec3a1fade03896/627d001e3d6919aa93c4604d.json,2022-05-12 12:39:58 UTC,2022-05-12 12:39:58 UTC,https://www.google.com/search?q=Inundaci%C3%B3n&oq=Inundaci%C3%B3n&uule=w+CAIQICIjQnVlbm9zIEFpcmVzLEJ1ZW5vcyBBaXJlcyxBcmdlbnRpbmE=&hl=es&gl=AR&sourceid=chrome&ie=UTF-8,https://serpapi.com/searches/86ec3a1fade03896/627d001e3d6919aa93c4604d.html,12.86,Inundación,es,AR,70
0,627d002c3c3fb23cf43281fb,Success,https://serpapi.com/searches/f7dc88c75a2b0580/627d002c3c3fb23cf43281fb.json,2022-05-12 12:40:12 UTC,2022-05-12 12:40:12 UTC,https://www.google.com/search?q=Sequ%C3%ADa&oq=Sequ%C3%ADa&uule=w+CAIQICIjQnVlbm9zIEFpcmVzLEJ1ZW5vcyBBaXJlcyxBcmdlbnRpbmE=&hl=es&gl=AR&sourceid=chrome&ie=UTF-8,https://serpapi.com/searches/f7dc88c75a2b0580/627d002c3c3fb23cf43281fb.html,1.87,Sequía,es,AR,71
