,title,link,source,date,thumbnail,query,lang,country,termid
0,Fish farming floated as an answer to the Earth’s food issues,https://www.scmp.com/news/china/science/article/3177081/can-fish-farming-solve-chinas-food-security-issues-and-planets,South China Morning Post,2 days ago,https://serpapi.com/searches/627cfeba8e02e41ac824e565/images/714303d86b876f24e44ad3715920339c23c29a52c7fb48d5.jpeg,Food Security,en,US,54
1,UN: Food insecurity in Afghanistan reaches ‘catastrophic’ level,https://thehill.com/policy/international/3482220-un-food-insecurity-in-afghanistan-reaches-catastrophic-level/,The Hill,2 days ago,https://serpapi.com/searches/627cfeba8e02e41ac824e565/images/714303d86b876f24c6c48be1f63c01a9b70fdd2c6eff1a3d.jpeg,Food Security,en,US,54
2,Videos of Ruined Wheat Fields in China Boost Food Security Fears,https://www.bloomberg.com/news/articles/2022-05-11/videos-of-ruined-wheat-fields-in-china-boost-food-security-fears,Bloomberg.com,1 day ago,https://serpapi.com/searches/627cfeba8e02e41ac824e565/images/714303d86b876f24d3205841233708b84e0ac7438ca18bda.jpeg,Food Security,en,US,54
3,Lawmakers eye $5 billion for global food insecurity amid Ukraine war,https://thehill.com/policy/international/3485506-lawmakers-eye-5-billion-for-global-food-insecurity-amid-ukraine-war/,The Hill,11 hours ago,https://serpapi.com/searches/627cfeba8e02e41ac824e565/images/714303d86b876f247dd7f4d9d656f704c295ba00437c6ea3.jpeg,Food Security,en,US,54
0,"French fries versus almonds: Calorie for calorie, which comes out on top?",https://www.health.harvard.edu/blog/french-fries-versus-almonds-calorie-for-calorie-which-comes-out-on-top-202205102741,Harvard Health,1 day ago,https://serpapi.com/searches/627cfebe681ebea721c92b52/images/e9bc17dd5920ff359b8f7b87cb33935bb3c762eee46c7e3c.jpeg,Calorie,en,US,56
1,Carefully Timed Calorie Restriction Greatly Extends Mouse Lifespan,https://www.technologynetworks.com/neuroscience/news/carefully-timed-calorie-restriction-greatly-extends-mouse-lifespan-361370,Technology Networks,3 days ago,https://serpapi.com/searches/627cfebe681ebea721c92b52/images/e9bc17dd5920ff35f0e798ea510b35c1dc820dc6072cf4c0.jpeg,Calorie,en,US,56
2,"I've Never Liked Zero-Calorie Sweeteners, But This One Blew Me Away — Eat This Not That",https://www.eatthis.com/zero-calorie-sweetener-blew-me-away/,"Eat This, Not That",22 hours ago,https://serpapi.com/searches/627cfebe681ebea721c92b52/images/e9bc17dd5920ff3576a0a890d84fb8c64e0044ae7507c642.jpeg,Calorie,en,US,56
3,What Not to Do if You Want to Burn Calories in a Short Amount of Time,https://poosh.com/burn-calories-quickly/,Poosh,1 day ago,https://serpapi.com/searches/627cfebe681ebea721c92b52/images/e9bc17dd5920ff35e91d33d08c582477d8d2b311d9da6459.jpeg,Calorie,en,US,56
0,Renewable Energy Market Update - May 2022 – Analysis,https://www.iea.org/reports/renewable-energy-market-update-may-2022,IEA,21 hours ago,https://serpapi.com/searches/627cfec8a4be10eb3ec51af0/images/f34c01be7b988f6a19eba1cb778391ff69c68fd1bd66c765.jpeg,Renewable Energy,en,US,58
1,"Avoid using gas as ‘transition’ fuel in move to clean energy, study urges",https://www.theguardian.com/environment/2022/may/10/avoid-using-gas-transition-fuel-move-clean-energy-study-urges,The Guardian,2 days ago,https://serpapi.com/searches/627cfec8a4be10eb3ec51af0/images/f34c01be7b988f6ab4f6e400d87707a9626b6ff94e325fa1.jpeg,Renewable Energy,en,US,58
2,New York Leads America off a Renewable-Energy Cliff,https://www.wsj.com/articles/new-york-leads-america-off-an-energy-cliff-natural-gas-fossil-fuels-pipelines-shale-11652296744,Wall Street Journal,14 hours ago,https://serpapi.com/searches/627cfec8a4be10eb3ec51af0/images/f34c01be7b988f6ad146cec573e0b7e1b3c886df80f66145.jpeg,Renewable Energy,en,US,58
3,"Creaky US power grid threatens progress on renewables, EVs",https://www.reuters.com/investigates/special-report/usa-renewables-electric-grid/,Reuters,2 hours ago,https://serpapi.com/searches/627cfec8a4be10eb3ec51af0/images/f34c01be7b988f6a831e6ec02b52ec047055d58e700fd936.jpeg,Renewable Energy,en,US,58
0,Bodies newly discovered in Lake Mead show climate change's effect,https://www.nbcnews.com/news/us-news/are-bodies-buried-climate-change-showing-us-rcna28099,NBC News,1 day ago,https://serpapi.com/searches/627cfecbe135084884e0ab40/images/f03c889efdc6eec49d01995c9bf8a968e92cac1d8db82de0.jpeg,Climate change,en,US,59
1,"Climate-change-linked droughts have increased dramatically since 2000, report finds",https://news.yahoo.com/climate-change-linked-droughts-have-increased-dramatically-since-2000-report-finds-183406409.html,Yahoo News,18 hours ago,https://serpapi.com/searches/627cfecbe135084884e0ab40/images/f03c889efdc6eec4a991495fd79cdb6d5287f6aacad0e4d0.jpeg,Climate change,en,US,59
2,How Miami can survive climate change.,https://slate.com/technology/2022/05/miami-climate-change-survival.html,Slate Magazine,2 hours ago,https://serpapi.com/searches/627cfecbe135084884e0ab40/images/f03c889efdc6eec4ed6b63c45981481c8f35dc772ed3614d.jpeg,Climate change,en,US,59
3,Human Behavior Is the Other Puzzle for Climate-Change Modeling,https://www.wsj.com/articles/human-behavior-is-the-other-puzzle-for-climate-change-modeling-11652349600,Wall Street Journal,2 hours ago,https://serpapi.com/searches/627cfecbe135084884e0ab40/images/f03c889efdc6eec4646ad77f36f908c168251c6672ee837f.jpeg,Climate change,en,US,59
0,Students go on-site to learn about greenhouse gas emissions,http://news.unm.edu/news/students-go-on-site-to-learn-about-greenhouse-gas-emissions,UNM Newsroom,13 hours ago,https://serpapi.com/searches/627cfed6d04d6d206e7d9ac0/images/6e78c2bde981f53295a72c8f378dd328674d44eb7081c0aa.jpeg,Greenhouse gas,en,US,66
1,4 ways hospitals can cut greenhouse gas emissions,https://www.woodtv.com/news/national/4-ways-hospitals-can-cut-greenhouse-gas-emissions/,WOODTV.com,2 days ago,https://serpapi.com/searches/627cfed6d04d6d206e7d9ac0/images/6e78c2bde981f532e58a1ad22071522acccb8aa48243ce30.jpeg,Greenhouse gas,en,US,66
2,Ben & Jerry's Seeks Ways to Cut Dairy Greenhouse Gas Emissions,https://www.sevendaysvt.com/vermont/ben-and-jerrys-seeks-ways-to-cut-dairy-greenhouse-gas-emissions/Content?oid=35521966,Seven Days,2 days ago,https://serpapi.com/searches/627cfed6d04d6d206e7d9ac0/images/6e78c2bde981f532642b05357ef69fd4d126ca5f3512b52a.jpeg,Greenhouse gas,en,US,66
0,Half Of Covid Survivors Show 1 Symptom Even 2 Years After: Lancet Journal,https://www.ndtv.com/world-news/half-of-covid-survivors-have-1-symptom-2-years-after-infection-lancet-2968213,NDTV.com,6 hours ago,https://encrypted-tbn0.gstatic.com/images?q=tbn:ANd9GcTnVJ8BQ--MPolCvdurZQMNMuOsWPSz8NFC4CXEEQWzZr41RMBEIo6xlyGZ1Q&usqp=CAI&s=10,Infection,en,US,68
1,Shanghai posts falling Covid-19 infections and deaths,https://www.scmp.com/business/china-business/article/3177426/coronavirus-shanghai-posts-falling-covid-19-infections,South China Morning Post,41 mins ago,https://encrypted-tbn0.gstatic.com/images?q=tbn:ANd9GcR0D-ddctFYrQYRGK4nisjGjcAYNQ3qAp-h2nCMhud2PwayZdwko37ZCsQ&usqp=CAI&s,Infection,en,US,68
2,Kim declares 'most serious emergency' as North Korea reports first Covid cases,https://www.nbcnews.com/news/world/north-korea-reports-first-coronavirus-infection-rcna28451,NBC News,11 hours ago,https://encrypted-tbn0.gstatic.com/images?q=tbn:ANd9GcTqojSCF11-HDvySLBSNb9c3Jzs-WCeTJ2lk5kbi1Mqo2dVXiUrv-d0RPo&usqp=CAI&s,Infection,en,US,68
3,Coronavirus 'ghosts' found lingering in the gut,https://www.nature.com/articles/d41586-022-01280-3,Nature,19 hours ago,https://encrypted-tbn0.gstatic.com/images?q=tbn:ANd9GcSoh_h49TxT_6GFJSID42dksaXb8tHuajipwPkM0y4wRd61MWwW4AxNdDc&usqp=CAI&s,Infection,en,US,68
4,Most COVID transmission is still asymptomatic,https://abcnews.go.com/Health/covid-transmission-asymptomatic/story?id=84599810,ABC News,22 hours ago,https://encrypted-tbn0.gstatic.com/images?q=tbn:ANd9GcRz5mBbceU5soX7wRsCGiZoxbxn4OH8OLIiscS5-yARy9mh-8wlF7cZ_K0&usqp=CAI&s,Infection,en,US,68
5,"Outlook on the Urinary Tract Infection Treatment Global Market to 2027 - Featuring Novartis, Allergan and GlaxoSmithKline Among Others",https://finance.yahoo.com/news/outlook-urinary-tract-infection-treatment-104800162.html,Yahoo Finance,1 hour ago,https://encrypted-tbn0.gstatic.com/images?q=tbn:ANd9GcRPBnYNSjAubOIfiBbPjJHojWb3QZ7HZ87yHaSJ1dEUg0W5jRR1pqMMgloM3g&s,Infection,en,US,68
6,"Safety, immunogenicity, and reactogenicity of BNT162b2 and mRNA-1273 COVID-19 vaccines given as fourth-dose ...",https://www.thelancet.com/journals/laninf/article/PIIS1473-3099(22)00271-7/fulltext,The Lancet,2 days ago,https://encrypted-tbn0.gstatic.com/images?q=tbn:ANd9GcTIuqy3c_YMGPSX8AKTi42rJBReIUCl-9ZWWtOb8x3sjCigOw3pqbrL6Vc&usqp=CAI&s,Infection,en,US,68
0,Red River Flooding is Worst in a Decade,https://earthobservatory.nasa.gov/images/149822/red-river-flooding-is-worst-in-a-decade,NASA Earth Observatory,14 hours ago,https://serpapi.com/searches/627cfedfce87f8ea4a81c838/images/28d181780a20c26578b94d77657d122eff1df2230adb574f.jpeg,Flood,en,US,70
1,Cities Brace for Apocalyptic Flooding As New Age of Super Storms Dawns,https://www.newsweek.com/2022/05/27/cities-brace-apocalyptic-flooding-new-age-super-storms-dawns-1705402.html,Newsweek,1 day ago,https://serpapi.com/searches/627cfedfce87f8ea4a81c838/images/28d181780a20c265b50459a9aa7e8a444f1518ecd79b0d96.jpeg,Flood,en,US,70
2,"What do water levels mean for Ohio River, area rivers and creeks?",https://www.cincinnati.com/story/weather/2022/05/12/what-river-levels-mean-floods-ohio-river-cincinnati/9728607002/,Cincinnati Enquirer,59 mins ago,https://serpapi.com/searches/627cfedfce87f8ea4a81c838/images/28d181780a20c265fcb1ec51b6d2698f28fd6ab7bbb42ca1.jpeg,Flood,en,US,70
3,Good Samaritan saves driver stranded in flood waters,https://www.kare11.com/article/weather/good-samaritan-saves-driver-stranded-vadnais-heights/89-780ae969-08bc-4a9c-a88d-9ddcd589168b,KARE 11,30 mins ago,https://serpapi.com/searches/627cfedfce87f8ea4a81c838/images/28d181780a20c265138de8a3e62d1f17300b159d8a2cca01.jpeg,Flood,en,US,70
0,"Amid drought, California desalination project at crossroads",https://abcnews.go.com/US/wireStory/amid-drought-california-desalination-project-crossroads-84662737,ABC News,6 hours ago,https://serpapi.com/searches/627cfee1437af282fc44eea9/images/fcf2bb213306cec1f4bb74211a87e8121636532c0382d9ca.jpeg,Drought,en,US,71
1,California to decide fate of controversial desalination plant amid brutal drought,https://www.theguardian.com/environment/2022/may/11/california-desalination-plant-water-drought,The Guardian,23 hours ago,https://serpapi.com/searches/627cfee1437af282fc44eea9/images/fcf2bb213306cec1773d6279b95a43b95e26f1b789463fad.jpeg,Drought,en,US,71
2,"Amid drought, California desalination project at crossroads",https://wtop.com/national/2022/05/amid-drought-california-desalination-project-at-crossroads/,WTOP,7 hours ago,https://serpapi.com/searches/627cfee1437af282fc44eea9/images/fcf2bb213306cec197b0213d137ef809ab8e30fb521c8ef7.jpeg,Drought,en,US,71
3,"Amid drought, California desalination project at crossroads",https://www.wsav.com/news/national-news/amid-drought-california-desalination-project-at-crossroads/,WSAV-TV,7 hours ago,https://serpapi.com/searches/627cfee1437af282fc44eea9/images/fcf2bb213306cec10b21db61204ac0379e87039e8ea75d7d.jpeg,Drought,en,US,71
4,"Amid Drought, California Desalination Project at Crossroads",https://www.usnews.com/news/us/articles/2022-05-12/amid-drought-california-desalination-project-at-crossroads,USNews.com,7 hours ago,https://serpapi.com/searches/627cfee1437af282fc44eea9/images/fcf2bb213306cec1797808af3fd646a4a4257dd7f4689d70.jpeg,Drought,en,US,71
5,Submerged human corpses rise from drought-stricken Lake Mead,https://www.livescience.com/drought-lake-bodies,Live Science,1 day ago,https://serpapi.com/searches/627cfee1437af282fc44eea9/images/fcf2bb213306cec10be2a7d4b68b06d763918a0b539e767e.jpeg,Drought,en,US,71
6,California braces for extreme summer drought after dismal wet season,https://www.washingtonpost.com/weather/2022/05/11/california-drought-summer-restrictions-snowpack/,The Washington Post,21 hours ago,https://serpapi.com/searches/627cfee1437af282fc44eea9/images/fcf2bb213306cec1fb7c56cda31b1906b1b1eb8b8458cd91.jpeg,Drought,en,US,71
0,Tinubu commends farmers over food security,https://punchng.com/tinubu-commends-farmers-over-food-security/,Punch Newspapers,4 hours ago,https://serpapi.com/searches/627cfee8edb0348ea0a0e39f/images/1d7f3332474dc34b41b63b80c2734e787ddb5b3eb47ecf58.jpeg,Food Security,en,NG,54
1,Working for food security and sustainable development in the face of crises and overlapping challenges - World,https://reliefweb.int/report/world/working-food-security-and-sustainable-development-face-crises-and-overlapping,ReliefWeb,2 days ago,https://serpapi.com/searches/627cfee8edb0348ea0a0e39f/images/1d7f3332474dc34bcd7c44ec6ee7c1ca07e8b3c6b6751c04.jpeg,Food Security,en,NG,54
2,"Urban-rural food satisfaction, food security gaps show in new report","https://www.purdue.edu/newsroom/releases/2022/Q2/urban-rural-food-satisfaction,-food-security-gaps-show-in-new-report.html",Purdue University,19 hours ago,https://serpapi.com/searches/627cfee8edb0348ea0a0e39f/images/1d7f3332474dc34bccc780d7185529624e923fc5976b65c5.png,Food Security,en,NG,54
0,Renewable power is set to break another global record in 2022 despite headwinds from higher costs and supply chain ...,https://www.iea.org/news/renewable-power-is-set-to-break-another-global-record-in-2022-despite-headwinds-from-higher-costs-and-supply-chain-bottlenecks,IEA,1 day ago,,Renewable Energy,en,NG,58
1,"Avoid using gas as ‘transition’ fuel in move to clean energy, study urges",https://www.theguardian.com/environment/2022/may/10/avoid-using-gas-transition-fuel-move-clean-energy-study-urges,The Guardian,2 days ago,https://serpapi.com/searches/627cfef39f55b30b2e4134cd/images/e54f3177b11375c09c91e95d0ef1cae79752d6445c1b8e9b.jpeg,Renewable Energy,en,NG,58
2,Renewable Energy Market Update - May 2022 - Event,https://www.iea.org/events/renewable-energy-market-update-may-2022,IEA,1 day ago,,Renewable Energy,en,NG,58
0,France’s unprecedented drought shows climate change is ‘spiralling out of control’,https://www.france24.com/en/environment/20220511-france-s-unprecedented-drought-shows-climate-change-is-spiralling-out-of-control,France 24,21 hours ago,https://encrypted-tbn0.gstatic.com/images?q=tbn:ANd9GcQ9k2XV8dCOvHpNubnYAzoTewByo02fCu1nzxpt-lKsbmvHTP28qSiHrkU&usqp=CAI&s,Climate change,en,NG,59
1,Climate change is devastating the Global South,https://www.aljazeera.com/opinions/2022/5/11/climate-change-is-devastating-the-global-south,Al Jazeera,1 day ago,https://encrypted-tbn0.gstatic.com/images?q=tbn:ANd9GcTpcjeifkAUtiP47EkQKITjmebnRA_C0DJyGm6KfSdDLf7xuawQrbVm4ks&usqp=CAI&s,Climate change,en,NG,59
2,"Authorities blame climate change after 6 died, 42 injured in Yobe",https://www.pulse.ng/news/metro/authorities-blame-climate-change-after-6-died-42-injured-in-yobe/0233zzs,Pulse Nigeria,21 hours ago,https://encrypted-tbn0.gstatic.com/images?q=tbn:ANd9GcSnguM26DNGf5on3zr2XipNpcjJx2ADej51BAN69CbAVMo4WMgu5jJXPOg&usqp=CAI&s,Climate change,en,NG,59
3,The North and South Poles Are Melting. Time To Take it Seriously,https://time.com/6174966/north-south-pole-melting-climate-change/,TIME,1 day ago,https://encrypted-tbn0.gstatic.com/images?q=tbn:ANd9GcRkWdntr6RXtlubRgr4v5qiNR5itJplEjEfGGd1kpixOyyundDoIslpx4A&usqp=CAI&s,Climate change,en,NG,59
0,Kim declares 'most serious emergency' as North Korea reports first Covid cases,https://www.nbcnews.com/news/world/north-korea-reports-first-coronavirus-infection-rcna28451,NBC News,11 hours ago,https://serpapi.com/searches/627cff087d171aee13062329/images/dd15e3767f12923b8b536bf19d469ad4973fa6acfb2189f6.jpeg,Infection,en,NG,68
1,North Korea confirms first-ever COVID infection,https://www.dw.com/en/north-korea-confirms-first-ever-covid-infection/a-61765781,DW,9 hours ago,https://serpapi.com/searches/627cff087d171aee13062329/images/dd15e3767f12923bc11627109a59ba4a56fa8566e35424b8.jpeg,Infection,en,NG,68
2,Targets for Infection: How SARS-CoV-2 Damages the Kidneys,https://www.forbes.com/sites/williamhaseltine/2022/05/09/targets-for-infection-how-sars-cov-2-damages-the-kidneys/,Forbes,2 days ago,https://serpapi.com/searches/627cff087d171aee13062329/images/dd15e3767f12923ba91ecafa65abcef5cc209bd2add0ea9e.jpeg,Infection,en,NG,68
0,Abuja residents cry out over threat of flood - The Nation Newspaper,https://thenationonlineng.net/abuja-residents-cry-out-over-threat-of-flood/,The Nation Newspaper,1 day ago,https://serpapi.com/searches/627cff0c2348846a3be45eac/images/6b9d4ba970b963772ec8083f1bec5ac1db1c26f5492b9b64.jpeg,Flood,en,NG,70
1,Mr & Mrs: She wants him swimming flood for her handbag,https://www.vanguardngr.com/2022/05/mr-mrs-she-wants-him-swimming-flood-for-her-handbag/,Vanguard News,6 hours ago,https://serpapi.com/searches/627cff0c2348846a3be45eac/images/6b9d4ba970b9637705588c0ed6991cf5f571959b6a714ea3.jpeg,Flood,en,NG,70
2,Stop wasting money on flood cars – Awoof Car,https://dailypost.ng/2022/05/11/stop-wasting-money-on-flood-cars-awoof-car/,Daily Post Nigeria,1 day ago,https://serpapi.com/searches/627cff0c2348846a3be45eac/images/6b9d4ba970b96377fd16c96cc5402cb1f64dd7a29946e209.jpeg,Flood,en,NG,70
3,"British Red Cross visits Ikorodu monarch, raises awareness on flood",https://www.vanguardngr.com/2022/05/british-red-cross-visits-ikorodu-monarch-raises-awareness-on-flood/,Vanguard News,23 hours ago,https://serpapi.com/searches/627cff0c2348846a3be45eac/images/6b9d4ba970b96377535d6a1da2fa9bc12d8afc552f4b687b.jpeg,Flood,en,NG,70
0,France’s unprecedented drought shows climate change is ‘spiralling out of control’,https://www.france24.com/en/environment/20220511-france-s-unprecedented-drought-shows-climate-change-is-spiralling-out-of-control,France 24,21 hours ago,https://serpapi.com/searches/627cff13eb690ff8011af704/images/c66be9810ad05bf988ffd1ef478ba3f7ed7284586ef3f7ad.jpeg,Drought,en,NG,71
1,Step up action on drought - World,https://reliefweb.int/report/world/step-action-drought,ReliefWeb,1 hour ago,https://serpapi.com/searches/627cff13eb690ff8011af704/images/c66be9810ad05bf95dc160d7866bbd0569199a0aa68c9bf1.png,Drought,en,NG,71
2,California braces for extreme summer drought after dismal wet season,https://www.washingtonpost.com/weather/2022/05/11/california-drought-summer-restrictions-snowpack/,The Washington Post,21 hours ago,https://serpapi.com/searches/627cff13eb690ff8011af704/images/c66be9810ad05bf99fdebfa96635d0702562e60eb162d3eb.jpeg,Drought,en,NG,71
0,"В ООН опасаются, что к 2026 году глобальное потепление превысит 1,5 градуса",https://www.dw.com/ru/v-oon-opasajutsja-chto-k-2026-godu-globalnoe-poteplenie-prevysit-15-gradusa/a-61751246,DW,1 день назад,https://serpapi.com/searches/627cff5df55d77a0f542d84b/images/ff042f71218665b6f95faeb2d8ed2202faf4df784d9c7488.jpeg,Глобальное потепление,ru,RU,59
0,"Наводнение, вызванное ливневыми дождями, в Сурхандарьинской области унесло жизни 3 человек",https://uzreport.news/society/navodnenie-vizvannoe-livnevimi-dojdyami-v-surhandarinskoy-oblasti-uneslo-jizni-3-chelovek,UzReport.news,1 день назад,https://serpapi.com/searches/627cff6af05eb832d499f305/images/51b204f971bd068fe9cebf69a106ac309ecd3ecf21f9e84d.jpeg,Наводнение,ru,RU,70
1,Два человека погибли при наводнениях на юге Узбекистана - ИА REGNUM,https://regnum.ru/news/3587960.html,ИА Regnum,14 часов назад,https://serpapi.com/searches/627cff6af05eb832d499f305/images/51b204f971bd068f90671d2789cf8dcd0dae0f0f15fc1002.jpeg,Наводнение,ru,RU,70
2,В австралийском Квинсленде в результате наводнения погибла женщина - ИА REGNUM,https://regnum.ru/news/3587074.html,ИА Regnum,1 день назад,https://serpapi.com/searches/627cff6af05eb832d499f305/images/51b204f971bd068f7aade4d2924a92050ef491c390d985c8.jpeg,Наводнение,ru,RU,70
0,В каких регионах Казахстана в мае ожидается сильная засуха,https://informburo.kz/novosti/v-kakih-regionah-kazahstana-v-mae-ozhidaetsya-silnaya-zasuha,Informburo.kz,2 дня назад,https://serpapi.com/searches/627cff6ca3f4ef44a725b522/images/13661e6349c1556827ae771e9abd9b60468feb30ed7f2e38.jpeg,Засуха,ru,RU,71
1,216 млн человек мигрируют из-за засухи,https://ru.euronews.com/2022/05/12/drought-displaced,Euronews,4 часа назад,https://serpapi.com/searches/627cff6ca3f4ef44a725b522/images/13661e6349c155683b91836ee6facf85b2343e30282531be.jpeg,Засуха,ru,RU,71
2,Засуха помогла курганцам вывести новые сорта пшеницы. Фото,https://ura.news/news/1052552622,Ura.ru,1 час назад,https://serpapi.com/searches/627cff6ca3f4ef44a725b522/images/13661e6349c155685baed9e78f5789afd97cc6c6915d678c.jpeg,Засуха,ru,RU,71
3,Засуха помешает французской пшенице спасти мир от дефицита,https://www.profinance.ru/news/2022/05/12/c5ux-zasukha-pomeshaet-frantsuzskoj-pshenitse-spasti-mir-ot-defitsita.html,ProFinance.Ru,1 час назад,https://serpapi.com/searches/627cff6ca3f4ef44a725b522/images/13661e6349c1556840a8dba53bc19251ad72c5ddae10bb7c.jpeg,Засуха,ru,RU,71
0,La ONU alerta del impacto negativo de la guerra de Ucrania en la seguridad alimentaria global - NIUS,https://www.niusdiario.es/internacional/europa/onu-antonio-guterres-alerta-impacto-negativo-seguridad-alimentaria-guerra-ucrania_18_3328248805.html,NIUS,Hace 21 horas,https://serpapi.com/searches/627cffa5fa8675e8bbaf4bf0/images/d3836871d6c916e306600ebfcad95855b62098b2bceb2e60.jpeg,Seguridad alimentaria,es,ES,54
1,La secretaria general de Pesca subraya el valor de la pesca artesanal de pequeña escala para la seguridad alimentaria,https://www.lavanguardia.com/local/sevilla/20220511/8260453/secretaria-general-pesca-subraya-valor-pesca-artesanal-pequena-escala-seguridad-alimentaria.html,La Vanguardia,Hace 15 horas,https://serpapi.com/searches/627cffa5fa8675e8bbaf4bf0/images/d3836871d6c916e33edb67a8ea08d359b932139b3ce16140.jpeg,Seguridad alimentaria,es,ES,54
0,Panorama - Acciona Energía llevará energía renovable a los hoteles del grupo NH de España y Portugal - Energías ...,https://www.energias-renovables.com/panorama/acciona-energia-llevara-energia-renovable-a-los-20220510,Energias Renovables,Hace 2 días,https://serpapi.com/searches/627cffb45fc493a2daa7eaba/images/e9f509892af1e37630d7dc273e62abc5f17701ab68146378.jpeg,Energía renovable,es,ES,58
1,La energía renovable comercializada en España aumentó un 12% el año pasado,https://www.eleconomista.es/energia/noticias/11758035/05/22/La-energia-renovable-comercializada-en-Espana-aumento-un-12-el-ano-pasado.html,elEconomista.es,Hace 2 días,https://serpapi.com/searches/627cffb45fc493a2daa7eaba/images/e9f509892af1e37665f74679be342c02f04aa4ea5772300c.jpeg,Energía renovable,es,ES,58
2,"Meta no renuncia a los NFT, pero usará energía renovable para compensar",https://www.mundodeportivo.com/urbantecno/aplicaciones/nft-impacto-medio-ambiente-meta-energia-renovable,Mundo Deportivo,Hace 1 día,https://serpapi.com/searches/627cffb45fc493a2daa7eaba/images/e9f509892af1e376df24c8aa3bc51211743d62af80a3e01a.jpeg,Energía renovable,es,ES,58
0,"El calentamiento global podría superar los 1,5ºC en los próximos cinco años - Diario16",https://diario16.com/el-calentamiento-global-podria-superar-los-15oc-en-los-proximos-cinco-anos/,Diario 16,Hace 23 horas,https://serpapi.com/searches/627cffb8607393c0ca620534/images/fa7d1b588dad9698ed5072b5a6298150a25127db316a5eaf.jpeg,Calentamiento global,es,ES,59
1,"Hay una probabilidad del 50% de que el calentamiento global supere los 1,5° C antes de 2025",https://elperiodicodelaenergia.com/hay-una-probabilidad-del-50-de-que-el-calentamiento-global-supere-los-15-c-antes-de-2025/,El Periódico de la Energía,Hace 1 día,https://serpapi.com/searches/627cffb8607393c0ca620534/images/fa7d1b588dad9698d17c7b304659200d5b66727d80926a23.jpeg,Calentamiento global,es,ES,59
2,El calentamiento avanza y se acerca a los límites de seguridad que fija el Acuerdo de París,https://elpais.com/clima-y-medio-ambiente/2022-05-10/el-calentamiento-avanza-y-se-acerca-a-los-limites-de-seguridad-que-fija-el-acuerdo-de-paris.html,EL PAÍS,Hace 2 días,https://serpapi.com/searches/627cffb8607393c0ca620534/images/fa7d1b588dad96986984fe84b9dca428bd4bc87ecfb895f0.jpeg,Calentamiento global,es,ES,59
3,"Hay un 50% de probabilidades de que el calentamiento global supere los 1,5ºC en los próximos cinco años",https://news.un.org/es/story/2022/05/1508392,UN News,Hace 2 días,https://serpapi.com/searches/627cffb8607393c0ca620534/images/fa7d1b588dad9698a67a22ee4c8065cedb0744614e9986ac.jpeg,Calentamiento global,es,ES,59
4,"ONU: Hay un 50% de probabilidades de que el calentamiento global supere el límite de 1,5 grados",https://www.huffingtonpost.es/entry/onu-hay-un-50-de-probabilidades-de-que-el-calentamiento-global-supere-el-limite-de-15-grados_es_627a021de4b00fbab632a13f,El HuffPost,Hace 2 días,https://serpapi.com/searches/627cffb8607393c0ca620534/images/fa7d1b588dad969884419faa37b7767fea7fe883322ed395.jpeg,Calentamiento global,es,ES,59
5,Qué son las 'bombas de carbón' que pueden ser claves en el calentamiento global - NIUS,https://www.niusdiario.es/sociedad/medio-ambiente/bombas-carbon-claves-calentamiento-global_18_3328248005.html,NIUS,Hace 23 horas,https://serpapi.com/searches/627cffb8607393c0ca620534/images/fa7d1b588dad96987646871f065ca6f09639597db9fa0849.jpeg,Calentamiento global,es,ES,59
6,"El calentamiento global, la mayor amenaza para la gran barrera de coral en Australia",https://cnnespanol.cnn.com/video/australia-barrera-coral-calentamiento-global-nuestro-cnn/,CNN en Español,Hace 15 horas,https://serpapi.com/searches/627cffb8607393c0ca620534/images/fa7d1b588dad9698167ca244eca3de3477719ca43b464870.jpeg,Calentamiento global,es,ES,59
0,Descubren una forma de bloquear la infección por COVID-19,https://www.lasexta.com/tecnologia-tecnoxplora/ciencia/descubren-forma-bloquear-infeccion-covid19_20220511627b9ba52632cd00018b5057.html,laSexta,Hace 1 día,https://serpapi.com/searches/627cffce1baebbc3a676726c/images/860ea7b5f87fa6d91f3442e429f42c9171f72095442d7a5e.jpeg,Infección,es,ES,68
1,Descubren la fórmula que bloquea la infección por covid,https://www.levante-emv.com/salud/2022/05/10/descubren-formula-bloquea-infeccion-covid-65937267.html,Levante-EMV,Hace 1 día,https://serpapi.com/searches/627cffce1baebbc3a676726c/images/860ea7b5f87fa6d9461679c41f0237d2994dba13f7156995.jpeg,Infección,es,ES,68
2,¿Puedo consumir alcohol si estoy tomando antibióticos? 5 mitos y verdades sobre estos medicamentos,https://www.lavanguardia.com/vivo/lifestyle/20220511/8260176/consumir-alcohol-tomando-antibioticos-mitos-verdades-nbs.html,La Vanguardia,Hace 18 horas,https://serpapi.com/searches/627cffce1baebbc3a676726c/images/860ea7b5f87fa6d9b97d7962673ac9c72e87a0b238eb34dd.jpeg,Infección,es,ES,68
3,Alerta sanitaria: retirada total de estos populares cosméticos por la infección de una bacteria,https://www.elespanol.com/ciencia/salud/20220509/alerta-sanitaria-retirada-populares-cosmeticos-infeccion-bacteria/671182942_0.html,El Español,Hace 3 días,https://serpapi.com/searches/627cffce1baebbc3a676726c/images/860ea7b5f87fa6d9c12bd624a2dd0fffefebbbf06d92e01d.jpeg,Infección,es,ES,68
0,"Véran : ""On a le droit à la sécurité alimentaire dans notre pays""",https://www.bfmtv.com/replay-emissions/l-interview/veran-on-a-le-droit-a-la-securite-alimentaire-dans-notre-pays_VN-202205120178.html,BFMTV,Il y a 5 heures,https://encrypted-tbn0.gstatic.com/images?q=tbn:ANd9GcRude-iYsw3decl5jnrhDUhSs7tBqYIZ1wqUS5r0-68jhms8J3WvlNliwI&usqp=CAI&s,Sécurité alimentaire,fr,FR,54
1,Le chef de l'ONU appelle à assurer la sécurité alimentaire mondiale,https://www.lecourrier.vn/le-chef-de-lonu-appelle-a-assurer-la-securite-alimentaire-mondiale/983964.html,Le Courrier du VietNam,Il y a 3 heures,https://encrypted-tbn0.gstatic.com/images?q=tbn:ANd9GcROaKNti2Xz0gDWMagSzOKW2ZsRiCynBwRdjV1mEOqPs780YRqrt3WlsTE&usqp=CAI&s,Sécurité alimentaire,fr,FR,54
2,Sécurité alimentaire : « Il faut produire mieux et non pas produire plus »,https://www.lemonde.fr/idees/article/2022/04/22/securite-alimentaire-il-faut-produire-mieux-et-non-pas-produire-plus_6123254_3232.html,Le Monde,Il y a 3 semaines,https://encrypted-tbn0.gstatic.com/images?q=tbn:ANd9GcRcvFuAF5NU3VPBZ55JQuTo6_orBotcylqyRkZf3kRGV1ENlxsLqhCPRQyI&usqp=CAI&s,Sécurité alimentaire,fr,FR,54
3,Sécurité alimentaire : la France cherche un soutien international à son initiative FARM,https://www.lemonde.fr/planete/article/2022/04/12/securite-alimentaire-la-france-cherche-un-soutien-international-a-son-initiative-farm_6121882_3244.html,Le Monde,Il y a 1 mois,https://encrypted-tbn0.gstatic.com/images?q=tbn:ANd9GcS6bcse-JKDfgpdONcPIvFNV3HOJd3wxWlvUNMhn7xEJchmNtzvQHyZTt0&usqp=CAI&s,Sécurité alimentaire,fr,FR,54
0,Amazon mise sur 100 % d’énergie renouvelable d’ici 2025,https://www.alliancy.fr/amazon-energie-renouvelable-2025,"Alliancy, le mag Numérique et Business",Il y a 2 jours,https://serpapi.com/searches/627cffef95bf92fe76d920b6/images/40894bf1e1a5d3e9a64297f1a706069b9d56c8f37262ddef.jpeg,Énergie renouvelable,fr,FR,58
1,Les énergies renouvelables vont générer plus de 14 milliards d'euros de revenus pour l'État sur deux ans,https://www.novethic.fr/actualite/energie/energies-renouvelables/isr-rse/les-eoliennes-terrestres-stigmatisees-dans-un-nouvel-article-de-loi-150588.html,Novethic,Il y a 2 jours,https://serpapi.com/searches/627cffef95bf92fe76d920b6/images/40894bf1e1a5d3e97685ce82d0d261ad9a763b71f2ea2ada.jpeg,Énergie renouvelable,fr,FR,58
2,LEAK : la Commission européenne envisage de revoir son objectif 2030 pour les énergies renouvelables à la hausse,https://www.euractiv.fr/section/energie/news/leak-la-commission-europeenne-envisage-de-revoir-son-objectif-2030-pour-les-energies-renouvelables-a-la-hausse/,EURACTIV.fr,Il y a 1 jour,https://serpapi.com/searches/627cffef95bf92fe76d920b6/images/40894bf1e1a5d3e9935a66f19d5b62775b45fda00a1e4fc5.jpeg,Énergie renouvelable,fr,FR,58
0,Allergies aux pollens : pourquoi le réchauffement climatique a un impact sur leur gravité et leur durée,https://www.francetvinfo.fr/monde/environnement/crise-climatique/allergies-aux-pollens-pourquoi-le-rechauffement-climatique-a-un-impact-sur-leur-gravite-et-leur-duree_5129362.html,Franceinfo,Il y a 7 heures,https://serpapi.com/searches/627cfff22ff421d0610e8854/images/cc6e67c5a1a4c5fd57c0971c18098381f458d70b80687812.jpeg,Changement climatique,fr,FR,59
1,"Sécheresse : la France est dans une ""phase critique"" du réchauffement climatique",https://www.france24.com/fr/france/20220510-s%C3%A9cheresse-la-france-est-entr%C3%A9e-dans-une-phase-critique-du-r%C3%A9chauffement-climatique,France 24,Il y a 1 jour,https://serpapi.com/searches/627cfff22ff421d0610e8854/images/cc6e67c5a1a4c5fde0e1215b67bf3fb7c3502157c7a5c0a2.jpeg,Changement climatique,fr,FR,59
2,"Le réchauffement climatique, enjeu croissant pour la disponibilité du parc nucléaire",https://www.lemonde.fr/economie/article/2022/05/12/le-rechauffement-climatique-enjeu-croissant-pour-la-disponibilite-du-parc-nucleaire_6125753_3234.html,Le Monde,Il y a 4 heures,https://serpapi.com/searches/627cfff22ff421d0610e8854/images/cc6e67c5a1a4c5fdc3d13008606ada11b727b0095b57aab0.jpeg,Changement climatique,fr,FR,59
3,Changement climatique : BlackRock fait un pas en arrière,https://www.lemonde.fr/economie/article/2022/05/12/changement-climatique-blackrock-fait-un-pas-en-arriere_6125754_3234.html,Le Monde,Il y a 4 heures,https://serpapi.com/searches/627cfff22ff421d0610e8854/images/cc6e67c5a1a4c5fdf71e9c21693d7974c486b2f825d7951a.jpeg,Changement climatique,fr,FR,59
0,Le secteur agricole et forestier : émetteur et capteur de gaz à effet de serre,https://agriculture.gouv.fr/le-secteur-agricole-et-forestier-emetteur-et-capteur-de-gaz-effet-de-serre,Ministère de l'Agriculture,Il y a 2 jours,https://serpapi.com/searches/627cfff9aa6c95b57f9992ac/images/6a8dca69c78b00f6aff656a5e51cd87511c472d1a88cc4e0.jpeg,Gaz à effet de serre,fr,FR,66
1,"Le bâtiment et les transports, plus gros émetteurs de gaz à effet de serre - Polynésie la 1ère",https://la1ere.francetvinfo.fr/polynesie/tahiti/polynesie-francaise/le-batiment-et-les-transports-gros-emetteurs-de-gaz-a-effet-de-serre-1282340.html,Outre-mer la 1ère,Il y a 1 jour,https://serpapi.com/searches/627cfff9aa6c95b57f9992ac/images/6a8dca69c78b00f6aea76edf1291bccf4647421b9a58eae3.jpeg,Gaz à effet de serre,fr,FR,66
2,"Vodacom s'engage à réduire de 50% ses émissions de gaz à effet de serre, d'ici 2025",https://www.agenceecofin.com/transition-energetique/1005-97468-vodacom-sengage-a-reduire-de-50-ses-emissions-de-gaz-a-effet-de-serre-dici-2025,Agence Ecofin,Il y a 1 jour,,Gaz à effet de serre,fr,FR,66
0,Infection urinaire : voici la raison pour laquelle certaines femmes en ont à répétition,https://www.femmeactuelle.fr/sante/news-sante/infection-urinaire-voici-la-raison-pour-laquelle-certaines-femmes-en-ont-a-repetition-2134249,Femme Actuelle,Il y a 23 heures,https://serpapi.com/searches/627cfffbe135084884e0abb4/images/c4680bca0cd3180e6d66491cd8d8955455b793e9ef006db9.jpeg,Infection,fr,FR,68
1,"Qu'est-ce que la maladie du renard, à la fois rare et dangereuse ?",https://www.cnews.fr/sante/2022-05-12/quest-ce-que-la-maladie-du-renard-la-fois-rare-et-dangereuse-1214085,CNEWS,Il y a 6 heures,https://serpapi.com/searches/627cfffbe135084884e0abb4/images/c4680bca0cd3180e4c33e5ae9985085c435080e0469f6f14.jpeg,Infection,fr,FR,68
2,Covid : à la recherche de personnes jamais infectées par le virus pour étudier leur mystérieuse résistance,https://www.midilibre.fr/2022/05/11/covid-a-la-recherche-de-personnes-jamais-infectees-par-le-virus-pour-etudier-leur-mysterieuse-resistance-10288424.php,Midi Libre,Il y a 1 jour,https://serpapi.com/searches/627cfffbe135084884e0abb4/images/c4680bca0cd3180e5ef1bb5432b2dc41f31be4cfb02bd253.jpeg,Infection,fr,FR,68
3,Contagion Covid : ce nouveau traitement peut bloquer le processus à l'origine des infections,https://www.science-et-vie.com/corps-et-sante/contagion-covid-nouveau-traitement-bloquer-processus-a-lorigine-infections-85975.html,Science & Vie,Il y a 18 heures,https://serpapi.com/searches/627cfffbe135084884e0abb4/images/c4680bca0cd3180e0099993b3c4339c898a4624fac798e14.jpeg,Infection,fr,FR,68
0,"En images, l'Alaska fait face à des inondations historiques",https://www.parismatch.com/Actu/Environnement/En-images-l-Alaska-fait-face-a-des-inondations-historiques-1804536,Paris Match,Il y a 2 jours,https://serpapi.com/searches/627cffffd5ecf45784f4ccf8/images/fec5c37fc072d75174a359e53c1c25b2382d7f6e17c9d417.jpeg,Inondation,fr,FR,70
1,Inondations en Guadeloupe : L'état de catastrophe naturelle reconnu pour quatre communes,https://www.20minutes.fr/planete/3288335-20220511-inondations-guadeloupe-etat-catastrophe-naturelle-reconnu-quatre-communes,20 Minutes,Il y a 15 heures,https://serpapi.com/searches/627cffffd5ecf45784f4ccf8/images/fec5c37fc072d751a50361e380852fdafd803e9e64bedc81.jpeg,Inondation,fr,FR,70
2,Inondations en Guadeloupe : plusieurs communes en état de catastrophe naturelle,https://www.tf1info.fr/international/inondations-en-guadeloupe-l-etat-de-catastrophe-naturelle-reconnu-dans-plusieurs-communes-2219490.html,TF1 INFO,Il y a 8 heures,https://serpapi.com/searches/627cffffd5ecf45784f4ccf8/images/fec5c37fc072d751911687859c92d4f4328780d2ef89170f.jpeg,Inondation,fr,FR,70
0,Sécheresse : pourquoi les prochaines pluies ne seront pas suffisantes ?,https://actualite.lachainemeteo.com/actualite-meteo/2022-05-12/secheresse-pourquoi-les-prochaines-pluies-ne-seront-pas-suffisantes-63307,Actualités Météo,Il y a 3 heures,https://serpapi.com/searches/627d0001629a01f803d9ec05/images/cc63a08c843fc6b5569477d1ab06769c4020e88de8525334.jpeg,Sécheresse,fr,FR,71
1,Sécheresse : sept cartes pour comprendre les conséquences dans les départements français,https://www.lefigaro.fr/sciences/secheresse-sept-cartes-pour-comprendre-les-consequences-dans-les-departements-francais-20220511,Le Figaro,Il y a 20 heures,https://serpapi.com/searches/627d0001629a01f803d9ec05/images/cc63a08c843fc6b5742a61c9a0497832eac088e1eb5d2374.jpeg,Sécheresse,fr,FR,71
2,CARTE. Sécheresse : allez-vous manquer d'eau dans votre région ?,https://www.ouest-france.fr/meteo/secheresse/carte-secheresse-allez-vous-manquer-d-eau-dans-votre-region-a6630122-d037-11ec-87e1-8d9db460936d,Ouest-France,Il y a 1 jour,https://serpapi.com/searches/627d0001629a01f803d9ec05/images/cc63a08c843fc6b55e99aed2e332a07f5e4a04f17710d0c4.jpeg,Sécheresse,fr,FR,71
3,"Sécheresse : ""Ce n'est plus possible"", s'alarme un agriculteur de l'Ain face aux restrictions d'eau",https://www.francetvinfo.fr/meteo/secheresse/secheresse-ce-n-est-plus-possible-s-alarme-un-agriculteur-de-l-ain-face-aux-restrictions-d-eau_5131906.html,Franceinfo,Il y a 22 heures,https://serpapi.com/searches/627d0001629a01f803d9ec05/images/cc63a08c843fc6b5670838901aa8388111ffea03f20f8281.jpeg,Sécheresse,fr,FR,71
4,Pourquoi les épisodes de forte sécheresse en France ne font que commencer,https://www.nouvelobs.com/ecologie/20220511.OBS58283/pourquoi-les-episodes-de-forte-secheresse-en-france-ne-font-que-commencer.html,L'Obs,Il y a 23 heures,https://serpapi.com/searches/627d0001629a01f803d9ec05/images/cc63a08c843fc6b5d718839b346d2b201d2ee37564831c8a.jpeg,Sécheresse,fr,FR,71
5,Sécheresse : une situation différente de celle de 1976,https://actualite.lachainemeteo.com/actualite-meteo/2022-05-12/secheresse-une-situation-differente-de-celle-de-1976-63302,Actualités Météo,Il y a 21 heures,https://serpapi.com/searches/627d0001629a01f803d9ec05/images/cc63a08c843fc6b5948b9bb4a6ede207210eed85ea72665f.jpeg,Sécheresse,fr,FR,71
6,Sécheresse : les agriculteurs se rationnent,https://www.tf1.fr/player/2d38eb5b-ac5e-4c66-b1ca-3bc3c31c58c8,TF1,Il y a 19 minutes,https://serpapi.com/searches/627d0001629a01f803d9ec05/images/cc63a08c843fc6b522ddfd48a7826c2526c47ac889d90e67.jpeg,Sécheresse,fr,FR,71
0,Guterres destaca el impacto negativo de la guerra en Ucrania en la seguridad alimentaria global,https://www.lanacion.com.ar/agencias/guterres-destaca-el-impacto-negativo-de-la-guerra-en-ucrania-en-la-seguridad-alimentaria-global-nid11052022/,La Nación,hace 17 horas,https://encrypted-tbn0.gstatic.com/images?q=tbn:ANd9GcQOofp4lu0Cd75e0jkatBjUA1CukBt8PS6yRc6q43YEyU2-6RvOJxXi0Mo&usqp=CAI&s,Seguridad alimentaria,es,AR,54
0,"""Hoy la energía renovable es competitiva y, en este contexto, su demanda se acelera""",https://www.ambito.com/ambito-biz/ambito-debate/hoy-la-energia-renovable-es-competitiva-y-este-contexto-su-demanda-se-acelera-n5436035,Ámbito,hace 1 día,https://encrypted-tbn0.gstatic.com/images?q=tbn:ANd9GcQJaj3cG7g02nlkBZpY3tr9yIdx0ZREffjiyALpRq4&usqp=CAI&s,Energía renovable,es,AR,58
1,"En 2035, la energía en Alemania será 100% renovable",https://tradenews.com.ar/en-2035-la-energia-en-alemania-sera-100-renovable/,Trade News,hace 2 días,,Energía renovable,es,AR,58
2,Por qué las industrias brasileñas contratan ...,https://www.bnamericas.com/es/reportajes/por-que-las-industrias-brasilenas-contratan-energia-renovable,BNamericas,hace 2 días,https://encrypted-tbn0.gstatic.com/images?q=tbn:ANd9GcTsFrq5YWQvAp6c1ljHCdANUuANsz-bNJnhPIcTXj9QAVSCXu1FXyGtR64&usqp=CAI&s,Energía renovable,es,AR,58
0,"Hay un 50% de probabilidades de que el calentamiento global supere los 1,5ºC en los próximos cinco años",https://news.un.org/es/story/2022/05/1508392,UN News,hace 2 días,https://encrypted-tbn0.gstatic.com/images?q=tbn:ANd9GcS8ERqxi4Hv-qbso-yLn6Kf5coLEbMcj_zU9hphwupvCypoKsNj7SNFYjJmrQ&usqp=CAI&s=10,Calentamiento global,es,AR,59
1,Existe una probabilidad de 50/50 de que el mundo sobrepase el umbral crítico de calentamiento global en los próximos cinco años,https://cnnespanol.cnn.com/2022/05/10/estudio-aumento-temperatura-calentamiento-trax/,CNN Español,hace 1 día,https://encrypted-tbn0.gstatic.com/images?q=tbn:ANd9GcQCa8DnN47_H0znMtcmLhf8ruGq5btWzsnIjA3CD2jredRp5T0Lrl-5GBs&usqp=CAI&s,Calentamiento global,es,AR,59
2,Alarmante: la Tierra llegó al límite de aumento no deseado de la temperatura,https://www.ambito.com/informacion-general/cambio-climatico/alarmante-la-tierra-llego-al-limite-aumento-no-deseado-la-temperatura-n5436329,Ámbito,hace 1 día,https://encrypted-tbn0.gstatic.com/images?q=tbn:ANd9GcS1oIQiJ3VRnNMsH-XhvyTlTFnXuWXZxqnOWt9i81w&usqp=CAI&s,Calentamiento global,es,AR,59
3,Nuevas predicciones corroboran el calentamiento global,https://www.laizquierdadiario.com/Nuevas-predicciones-corroboran-el-calentamiento-global,La Izquierda Diario,hace 20 horas,https://encrypted-tbn0.gstatic.com/images?q=tbn:ANd9GcTlZjkkHcEwBoripOZ1r6lXJePa_qxnUvW4v713rBPh_BXoL6GHrXNjlQfd&usqp=CAI&s,Calentamiento global,es,AR,59
4,"Aumenta drásticamente la probabilidad de alcanzar la barrera de 1,5 °C",https://www.meteored.com.ar/noticias/actualidad/aumenta-la-probabilidad-de-alcanzar-la-barrera-de-1-5-c-cambio-climatico-omm.html,Meteored,hace 1 día,https://encrypted-tbn0.gstatic.com/images?q=tbn:ANd9GcTos8F3me0KPl5FY9aSrNitz29kof_6F78_pnKHD-1o_wlKrD4YvTpa4K0&usqp=CAI&s,Calentamiento global,es,AR,59
5,Calentamiento global: aseguran que los glaciares flotantes no pueden recuperarse,https://www.ambito.com/informacion-general/cambio-climatico/calentamiento-global-aseguran-que-los-glaciares-flotantes-no-pueden-recuperarse-n5436208,Ámbito,hace 1 día,https://encrypted-tbn0.gstatic.com/images?q=tbn:ANd9GcQDYNluJVDZwwXByaevZ3-h4S7c42fayR4Rg2pM1vuf-nw7W9Gp6F7gPmU&usqp=CAI&s,Calentamiento global,es,AR,59
6,El calentamiento global provoca que los océanos pierdan la memoria y suba la temperatura,https://www.infobae.com/america/medio-ambiente/2022/05/09/el-calentamiento-global-provoca-que-los-oceanos-pierdan-la-memoria-y-suba-la-temperatura/,Infobae,hace 2 días,https://encrypted-tbn0.gstatic.com/images?q=tbn:ANd9GcTNIxQj0Ne70suDc_zpJhw9YOCojIZAYoIhTm0Rmj0Y5te7Yut1oHwNlbM&usqp=CAI&s,Calentamiento global,es,AR,59
0,Descubren una forma de bloquear la infección por COVID-19,https://www.lasexta.com/tecnologia-tecnoxplora/ciencia/descubren-forma-bloquear-infeccion-covid19_20220511627b9ba52632cd00018b5057.html,laSexta,hace 1 día,https://serpapi.com/searches/627d001b37b24a99eaa701cd/images/cdbdb9ef695a02ed2bd5806ba99023320f06e69de6a61af3.jpeg,Infección,es,AR,68
1,Alerta sanitaria: retirada total de estos populares cosméticos por la infección de una bacteria,https://www.elespanol.com/ciencia/salud/20220509/alerta-sanitaria-retirada-populares-cosmeticos-infeccion-bacteria/671182942_0.html,El Español,hace 3 días,https://serpapi.com/searches/627d001b37b24a99eaa701cd/images/cdbdb9ef695a02edb6fbaaca751ef7b3949bdbff88f6829d.jpeg,Infección,es,AR,68
2,Los expertos de Harvard explicaron cómo las vacunas generan mecanismos múltiples para proteger contra el COVID-19,https://www.infobae.com/america/ciencia-america/2022/05/11/los-expertos-de-harvard-explicaron-como-las-vacunas-generan-mecanismos-multiples-para-proteger-contra-el-covid-19/,Infobae,hace 17 horas,https://serpapi.com/searches/627d001b37b24a99eaa701cd/images/cdbdb9ef695a02edc4f3dfa5cb3e268bdf18d575315e9520.jpeg,Infección,es,AR,68
3,¿Puedo consumir alcohol si estoy tomando antibióticos? 5 mitos y verdades sobre estos medicamentos,https://www.lavanguardia.com/vivo/lifestyle/20220511/8260176/consumir-alcohol-tomando-antibioticos-mitos-verdades-nbs.html,La Vanguardia,hace 18 horas,https://serpapi.com/searches/627d001b37b24a99eaa701cd/images/cdbdb9ef695a02ed7ca49dd8a3d7cf57eab6fa55cac5eae6.jpeg,Infección,es,AR,68
0,Insólita inundación en sintético y efecto de cama de agua,https://www.ole.com.ar/fuera-de-juego/cancha-inundada-sintetico-italia_0_ewl9WGmUqq.html,Olé,hace 1 día,https://encrypted-tbn0.gstatic.com/images?q=tbn:ANd9GcRo4yXlt5xiwDwK6opGvpfQW7fOw4Ix0YOU5Of37-zL0njCYpVsea0tRp0&usqp=CAI&s,Inundación,es,AR,70
1,Inundaciones bonaerenses: hay 80 mil hectáreas inundadas en Carlos Casares y los productores se reunirán el sábado,https://tn.com.ar/campo/2022/05/11/hay-80-mil-hectareas-inundadas-en-carlos-casares-y-los-productores-se-reuniran-el-sabado/,TN,hace 1 día,https://encrypted-tbn0.gstatic.com/images?q=tbn:ANd9GcTGRU02pyZtiPdwHM5avvqmXbwNXtMGqWjCnTzXkk6di8UjN3wEkOtsigc&usqp=CAI&s,Inundación,es,AR,70
2,Inundación repentina provoca derrumbe de un puente en el norte de Pakistán,https://www.france24.com/es/minuto-a-minuto/20220510-inundaci%C3%B3n-repentina-provoca-derrumbe-de-un-puente-en-el-norte-de-pakist%C3%A1n,France 24,hace 1 día,https://encrypted-tbn0.gstatic.com/images?q=tbn:ANd9GcTXL_h5HF9LqmmAlaWmb3Hm3NlFnXX-Nz0rBDcZlO995V7aLEM3gpBnOOc&usqp=CAI&s,Inundación,es,AR,70
