termId,searchTerm,language,position,title,link,definition,information,visualization,site quality,Adds
5,Environment,en,1,Environment Definition & Meaning - Merriam-Webster,https://www.merriam-webster.com/dictionary/environment,3,2,1,2,1
5,Environment,en,2,UNEP - UN Environment Programme,,3,1,3,3,0
5,Environment,en,3,Environment - OECD,https://www.oecd.org/environment/,0,2,3,3,0
5,Среда,ru,1,СРЕДА – плёночная лаборатория и фотомагазин,https://sreda.photo/,0,1,2,2,1
5,Среда,ru,2,Среда - Википедия,https://ru.wikipedia.org/wiki/Среда,3,2,2,3,0
5,Среда,ru,3,среда - Викисловарь,https://ru.wiktionary.org/wiki/среда,3,2,1,3,0
5,סביבה,iw,1,סביבה - ויקיפדיה,https://he.wikipedia.org/wiki/סביבה,3,1,0,3,0
5,סביבה,iw,2,סביבה (פסיכולוגיה) - ויקיפדיה,https://he.wikipedia.org/wiki/סביבה_(פסיכולוגיה),3,1,0,3,0
5,סביבה,iw,3,מה זה סביבה - מילון עברי עברי,https://milog.co.il/סביבה,3,1,0,3,0
5,بيئة,ar,1,بيئة - ويكيبيديا,https://ar.wikipedia.org/wiki/بيئة,3,2,1,3,0
5,بيئة,ar,2,بيئة طبيعية - ويكيبيديا,https://ar.wikipedia.org/wiki/بيئة_طبيعية,3,1,1,3,0
5,بيئة,ar,3,Home - BEEAH Group | UAE,https://www.beeahgroup.com/ar/,2,2,0,2,0
6,Ecosystem,en,1,Ecosystem | National Geographic Society,https://www.nationalgeographic.org/encyclopedia/ecosystem/,3,3,3,3,0
6,Ecosystem,en,2,Ecosystem - Wikipedia,https://en.wikipedia.org/wiki/Ecosystem,3,3,3,3,0
6,Ecosystem,en,3,"ecosystem | Definition, Components, Examples, Structure ...",https://www.britannica.com/science/ecosystem,3,3,3,3,0
6,Экосистема,ru,1,Экосистема - Википедия,https://ru.wikipedia.org/wiki/Экосистема,3,3,3,3,0
6,Экосистема,ru,2,Экосистема - Техническая Библиотека Neftegaz.RU,https://neftegaz.ru/tech-library/menedzhment/147972-ekosistema/,3,2,1,3,0
6,Экосистема,ru,3,"Экосистема: понятие, структура и виды экосистем",https://www.grandars.ru/shkola/geografiya/ekosistema.html,3,3,2,2,0
6,מערכת אקולוגית,iw,1,מערכת אקולוגית - ויקיפדיה,https://he.wikipedia.org/wiki/מערכת_אקולוגית,3,3,2,3,0
6,מערכת אקולוגית,iw,2,מערכות אקולוגיות - מגוון ביולוגי - טבע BIZ,https://tevabiz.org.il/habitat/ecosystem/,3,3,3,1,0
6,מערכת אקולוגית,iw,3,מערכת אקולוגית - אקו-ויקי,https://ecowiki.org.il/wiki/מערכת_אקולוגית,3,3,2,3,0
6,نظام بيئي,ar,1,نظام بيئي - ويكيبيديا,https://ar.wikipedia.org/wiki/نظام_بيئي,3,3,1,3,0
6,نظام بيئي,ar,2,تعريف النظام البيئي - موضوع,https://mawdoo3.com/تعريف_النظام_البيئي,3,2,1,2,0
6,نظام بيئي,ar,3,النظام البيئي | ما أهميته ومم يتكون وكيف يمكن الحفاظ عليه؟,https://www.twinkl.com.eg/teaching-wiki/alnzam-albyyy,3,3,1,1,0
8,Pollution,en,1,Air pollution - WHO | World Health Organization,https://www.who.int/health-topics/air-pollution,3,3,2,3,0
8,Pollution,en,2,"pollution | Definition, History, Types, & Facts - Encyclopedia ...",https://www.britannica.com/science/pollution-environment,3,3,3,3,0
8,Pollution,en,3,Pollution Facts & Types of Pollution - Live Science,https://www.livescience.com/22728-pollution-facts.html,3,3,2,2,1
8,Загрязнение,ru,1,Загрязнение окружающей среды — все статьи и новости,https://indicator.ru/label/zagryaznenie-okruzhayushej-sredy,3,2,1,3,0
8,Загрязнение,ru,2,Города и загрязнение | Организация Объединенных Наций,https://www.un.org/ru/climatechange/climate-solutions/cities-pollution,3,2,1,3,0
8,Загрязнение,ru,3,Загрязнение атмосферного воздуха - WHO | World Health ...,https://www.who.int/ru/news-room/fact-sheets/detail/ambient-(outdoor)-air-quality-and-health,3,3,0,3,0
8,זיהום הסביבה,iw,1,זיהום הסביבה - ויקיפדיה,https://he.wikipedia.org/wiki/זיהום_הסביבה,3,2,2,3,0
8,זיהום הסביבה,iw,2,המחיר הקטלני של זיהום הסביבה - מכון דוידסון,https://davidson.weizmann.ac.il/online/sciencenews/המחיר-הקטלני-של-זיהום-הסביבה,1,2,1,3,0
8,זיהום הסביבה,iw,3,זיהום סביבה - גלובס,https://www.globes.co.il/news/זיהום_סביבה.tag,0,2,0,2,0
8,تلوث,ar,1,تلوث - ويكيبيديا,https://ar.wikipedia.org/wiki/تلوث,3,3,3,3,0
8,تلوث,ar,2,تلوث الهواء المحيط (الهواء الخارجي) - WHO | World Health ...,https://www.who.int/ar/news-room/fact-sheets/detail/ambient-(outdoor)-air-quality-and-health,3,3,0,3,0
8,تلوث,ar,3,تلوّث الهواء داخل المنزل والصحة - WHO | World Health ...,https://www.who.int/ar/news-room/fact-sheets/detail/household-air-pollution-and-health,3,3,0,3,0
12,Fungus,en,1,Fungus - Wikipedia,https://en.wikipedia.org/wiki/Fungus,3,3,3,3,0
12,Fungus,en,2,"fungus | Definition, Characteristics, Types, & Facts",https://www.britannica.com/science/fungus,3,3,3,3,0
12,Fungus,en,3,fungus - Importance of fungi - Encyclopedia Britannica,https://www.britannica.com/science/fungus/Importance-of-fungi,3,3,3,3,0
12,Грибы,ru,1,Грибы - Википедия,https://ru.wikipedia.org/wiki/Грибы,3,3,3,3,0
12,Грибы,ru,2,О грибах - Центр гигиенического образования населения,http://cgon.rospotrebnadzor.ru/content/62/961,2,3,3,3,0
12,Грибы,ru,3,Благородные грибы. Царство грибов @Моя Планета,https://www.youtube.com/watch?v=nCXTTKNosg4,1,1,3,3,0
12,פטריות,iw,1,פטריות - ויקיפדיה,https://he.wikipedia.org/wiki/פטריות,3,3,3,3,0
12,פטריות,iw,2,על רגל אחת: שלושה מתכוני פטריות זריזים - Ynet,https://www.ynet.co.il/food/recipies/article/hy8amvqe5,0,0,1,3,1
12,פטריות,iw,3,"מדריך הפטריות השלם | כתבות - כל הטוב שבטבע, איך שטוב לכם",https://www.yad-mordechai.co.il/Article/mushrooms-guide,0,0,3,3,1
12,فطر,ar,1,فطر - ويكيبيديا,https://ar.wikipedia.org/wiki/فطر,3,3,2,3,0
12,فطر,ar,2,عيش الغراب - ويكيبيديا,https://ar.wikipedia.org/wiki/عيش_الغراب,2,3,2,3,0
12,فطر,ar,3,فوائد الفطر وأشهر أنواعه - ويب طب,https://www.webteb.com/articles/فوائد-الفطر-وانواعه_15328,1,1,1,2,0
13,Mammal,en,1,Mammal - Wikipedia,https://en.wikipedia.org/wiki/Mammal,3,3,3,3,0
13,Mammal,en,2,"mammal | Definition, Characteristics, Classification ...",https://www.britannica.com/animal/mammal,3,3,3,3,0
13,Mammal,en,3,Mammals - National Geographic Kids,https://kids.nationalgeographic.com/animals/mammals,3,1,2,3,0
13,Млекопитающие,ru,1,Млекопитающие - Википедия,https://ru.wikipedia.org/wiki/Млекопитающие,3,3,3,3,0
13,Млекопитающие,ru,2,Млекопитающие - Пензенский зоопарк,https://www.zoo-penza.ru/animals/mlekopitayushchie/,3,1,3,2,1
13,Млекопитающие,ru,3,млекопита́ющие - Большая российская энциклопедия,https://bigenc.ru/biology/text/2220123,3,2,1,2,0
13,יונקים,iw,1,יונקים - ויקיפדיה,https://he.wikipedia.org/wiki/יונקים,3,3,3,3,0
13,יונקים,iw,2,פורטל:יונקים - ויקיפדיה,https://he.wikipedia.org/wiki/פורטל:יונקים,3,3,3,2,0
13,יונקים,iw,3,יונקים - בריינפופ ישראל,https://il.brainpop.com/category_8/subcategory_93/subjects_3035/,0,0,1,1,0
13,ثدييات,ar,1,ثدييات - ويكيبيديا,https://ar.wikipedia.org/wiki/ثدييات,3,3,3,3,0
13,ثدييات,ar,2,بوابة:ثدييات - ويكيبيديا,https://ar.wikipedia.org/wiki/بوابة:ثدييات,3,2,3,2,0
13,ثدييات,ar,3,ما هي الثدييات - موضوع,https://mawdoo3.com/ما_هي_الثدييات,3,3,3,2,0
16,Solution,en,1,Solution Definition & Meaning - Merriam-Webster,https://www.merriam-webster.com/dictionary/solution,1,1,0,2,1
16,Solution,en,2,solution | Definition & Examples - Encyclopedia Britannica,https://www.britannica.com/science/solution-chemistry,3,3,2,3,0
16,Solution,en,3,Solution Definition & Meaning - Dictionary.com,https://www.dictionary.com/browse/solution,1,0,0,1,0
16,Раствор,ru,1,Раствор - Википедия,https://ru.wikipedia.org/wiki/Раствор,3,2,0,3,0
16,Раствор,ru,2,раствор - Викисловарь,https://ru.wiktionary.org/wiki/раствор,2,2,1,3,0
16,Раствор,ru,3,Купить раствор для контактных линз по выгодным ценам в,https://ochkarik.ru/accessories/rastvory/,0,0,1,1,1
16,תמיסה,iw,1,תמיסה - ויקיפדיה,https://he.wikipedia.org/wiki/תמיסה,3,1,0,3,0
16,תמיסה,iw,2,תמיסה - – המכלול,https://www.hamichlol.org.il/תמיסה,3,1,0,3,0
16,תמיסה,iw,3,סיכום על נושא תמיסות - מדעים,http://www.mada.yefenof.manhi.org.il/BRPortal/br/P102.jsp?arc=190317,3,1,1,2,0
16,محلول,ar,1,محلول - ويكيبيديا,https://ar.wikipedia.org/wiki/محلول,3,2,1,3,0
16,محلول,ar,2,محلول ملحي (طب) - ويكيبيديا,https://ar.wikipedia.org/wiki/محلول_ملحي_(طب),3,2,1,3,0
16,محلول,ar,3,المحاليل الوريدية - أنواعها واستخداماتها - FADIC,https://fadic.net/المحاليل-الوريدية-أنواعها-واستخداما/,1,2,2,1,1
20,Atom,en,1,Atom,https://atom.io/,0,0,1,3,0
20,Atom,en,2,"Movies: Find Showtimes, Buy Movie Tickets & More | Atom ...",https://www.atomtickets.com/,0,0,0,1,0
20,Atom,en,3,Atom - Wikipedia,https://en.wikipedia.org/wiki/Atom,3,1,3,3,0
20,Атом,ru,1,Атом - Википедия,https://ru.wikipedia.org/wiki/Атом,3,1,3,3,0
20,Атом,ru,2,Браузер Atom,https://browser.ru/,1,1,0,2,1
20,Атом,ru,3,Атом — все статьи и новости - Индикатор - Indicator.Ru,https://indicator.ru/label/atom,3,2,3,3,0
20,אטום,iw,1,אטום - ויקיפדיה,https://he.wikipedia.org/wiki/אטום,3,1,2,3,0
20,אטום,iw,2,אטום (פירושונים) - ויקיפדיה,https://he.wikipedia.org/wiki/אטום_(פירושונים),3,1,0,3,0
20,אטום,iw,3,אטום - מטח,https://lib.cet.ac.il/pages/item.asp?item=7286,3,2,0,3,0
20,ذرة,ar,1,ذرة - ويكيبيديا,https://ar.wikipedia.org/wiki/ذرة,3,2,2,3,0
20,ذرة,ar,2,ذرة (نبات) - ويكيبيديا,https://ar.wikipedia.org/wiki/ذرة_(نبات),3,1,1,3,0
20,ذرة,ar,3,تسوق حبوب ذرة اونلاين - اشترى السوبر ماركت ... - كارفور مصر,https://www.carrefouregypt.com/mafegy/ar/c/FEGY1714117,0,0,1,1,1
28,Energy,en,1,Department of Energy,https://www.energy.gov/,1,2,3,3,0
28,Energy,en,2,Entergy | We Power Life,https://www.entergy.com/,0,0,3,3,0
28,Energy,en,3,Energy - Wikipedia,https://en.wikipedia.org/wiki/Energy,3,1,3,3,0
28,Энергия,ru,1,Транспортные компании. ТК Энергия. Доставка грузов по ...,https://nrg-tk.ru/,1,1,1,1,1
28,Энергия,ru,2,Энергия - Википедия,https://ru.wikipedia.org/wiki/Энергия,3,1,3,3,0
28,Энергия,ru,3,ЭТК «Энергия» | Официальный сайт производителя,https://xn--c1adkrq9eta.xn--p1ai/,1,1,1,1,1
28,אנרגיה,iw,1,אנרגיה - ויקיפדיה,https://he.wikipedia.org/wiki/אנרגיה,3,3,1,3,0
28,אנרגיה,iw,2,מהי אנרגיה? - מכון דוידסון,https://davidson.weizmann.ac.il/online/askexpert/מהי-אנרגיה,3,2,3,2,0
28,אנרגיה,iw,3,מבוא: מהי אנרגיה? | אנרגיה בהיבט רב תחומי,https://stwww1.weizmann.ac.il/energy/1-1-מבוא-מהי-אנרגיה/,3,2,0,2,0
28,طاقة,ar,1,طاقة - ويكيبيديا,https://ar.wikipedia.org/wiki/طاقة,3,3,3,3,0
28,طاقة,ar,2,الطاقة - أول منصة عربية متخصصة في أخبار الطاقة,https://attaqa.net/,1,2,3,1,1
28,طاقة,ar,3,Powering a Thriving Future - TAQA,https://www.taqa.com/ar/,0,1,3,3,1
29,Weight,en,1,Personalized Weight Loss Like Never Before—No Two Plans ...,https://www.weightwatchers.com/us/,0,0,0,2,1
29,Weight,en,2,Weight Definition & Meaning - Merriam-Webster,https://www.merriam-webster.com/dictionary/weight,2,1,0,3,1
29,Weight,en,3,Healthy Weight & Weight Management - WebMD,https://www.webmd.com/diet/obesity/healthy-weight,1,1,3,2,1
29,Вес,ru,1,Вес - Википедия,https://ru.wikipedia.org/wiki/Вес,3,3,2,3,0
29,Вес,ru,2,ИМТ-калькулятор: рассчитайте свой идеальный вес - NIVEA,https://www.nivea.ru/advice/calculator-bmi,0,0,1,2,0
29,Вес,ru,3,Индекс массы тела (индекс Кетле) - MSD Manuals,https://www.msdmanuals.com/medical-calculators/BodyMassIndex-ru.htm,0,0,0,1,0
29,משקל,iw,1,משקל (פיזיקה) - ויקיפדיה,https://he.wikipedia.org/wiki/משקל_(פיזיקה),3,2,1,3,0
29,משקל,iw,2,משקל - ויקיפדיה,https://he.wikipedia.org/wiki/משקל,2,3,0,3,0
29,משקל,iw,3,מחשבון BMI: חשבו בקלות את ה־BMI שלכם - אתר כללית,https://www.clalit.co.il/he/lifestyle/nutrition/Pages/BMI_Calculator.aspx,0,0,1,2,1
29,وزن,ar,1,وزن - ويكيبيديا,https://ar.wikipedia.org/wiki/وزن,3,2,0,3,0
29,وزن,ar,2,حاسبة مؤشر كتلة الجسم (BMI) - ويب طب,https://www.webteb.com/diet/حاسبة-مؤشر-كتلة-الجسم-bmi,0,0,1,1,0
29,وزن,ar,3,حساب الوزن المثالي - حساب كتلة الجسم - BMI - مملكة الويب,https://www.un-web.com/tools/bmi/,0,0,0,1,1
35,Solar system,en,1,Overview | Our Solar System,https://solarsystem.nasa.gov/solar-system/our-solar-system/overview/,3,3,3,3,0
35,Solar system,en,2,Solar System - Wikipedia,https://en.wikipedia.org/wiki/Solar_System,3,3,3,3,0
35,Solar system,en,3,"Solar system planets, order and formation: A guide | Space",https://www.space.com/16080-solar-system-planets.html,3,3,3,2,1
35,Солнечная система,ru,1,Солнечная система - Википедия,https://ru.wikipedia.org/wiki/Солнечная_система,3,3,3,3,0
35,Солнечная система,ru,2,Что такое Солнечная система и насколько она изучена,https://trends.rbc.ru/trends/futurology/627507fe9a79477a2051ad67,2,3,3,3,1
35,Солнечная система,ru,3,Солнечная система — все статьи и новости - Indicator.Ru,https://indicator.ru/label/solnechnaya-sistema,3,2,3,3,0
35,מערכת השמש,iw,1,מערכת השמש - ויקיפדיה,https://he.wikipedia.org/wiki/מערכת_השמש,3,3,3,3,0
35,מערכת השמש,iw,2,כוכב לכת - ויקיפדיה,https://he.wikipedia.org/wiki/כוכב_לכת,2,2,3,3,0
35,מערכת השמש,iw,3,"מערכת השמש: איך היא נוצרה, וממה היא מורכבת?",https://www.space.gov.il/תגיות/מערכת-השמש,3,3,3,3,0
35,المجموعة الشمسية,ar,1,المجموعة الشمسية - ويكيبيديا,https://ar.wikipedia.org/wiki/المجموعة_الشمسية,3,3,3,3,0
35,المجموعة الشمسية,ar,2,بوابة:المجموعة الشمسية - ويكيبيديا,https://ar.wikipedia.org/wiki/بوابة:المجموعة_الشمسية,3,2,3,2,0
35,المجموعة الشمسية,ar,3,ما هي كواكب المجموعة الشمسية - موضوع,https://mawdoo3.com/ما_هي_كواكب_المجموعة_الشمسية,3,3,1,1,0
38,Evolution,en,1,Evolution - Wikipedia,https://en.wikipedia.org/wiki/Evolution,3,3,3,3,0
38,Evolution,en,2,"evolution | Definition, History, Types, & Examples | Britannica",https://www.britannica.com/science/evolution-scientific-theory,3,3,3,3,0
38,Evolution,en,3,Understanding Evolution - Your one-stop source for ...,https://evolution.berkeley.edu/,2,2,2,3,0
38,Эволюция,ru,1,Эволюция - Википедия,https://ru.wikipedia.org/wiki/Эволюция,3,3,3,3,0
38,Эволюция,ru,2,Эволюция — LiveJournal,https://evo-lutio.livejournal.com/,1,1,0,1,1
38,Эволюция,ru,3,Эволюция (2001) - Кинопоиск,https://www.kinopoisk.ru/film/5413/,0,1,1,0,0
38,אבולוציה,iw,1,אבולוציה - ויקיפדיה,https://he.wikipedia.org/wiki/אבולוציה,3,3,3,3,0
38,אבולוציה,iw,2,אבולוציה - מכון דוידסון,https://davidson.weizmann.ac.il/online/maagarmada/life_sci/אבולוציה,1,1,2,2,0
38,אבולוציה,iw,3,אבולוציה – אשכול כתבות וסרטונים - מכון דוידסון,https://davidson.weizmann.ac.il/online/maagarmada/life_sci/אבולוציה-אשכול-כתבות-וסרטונים,2,3,2,2,0
38,تطور,ar,1,تطور - ويكيبيديا,https://ar.wikipedia.org/wiki/تطور,3,3,3,3,0
38,تطور,ar,2,تطور - ويكيبيديا,https://arz.wikipedia.org/wiki/تطور,3,2,3,3,0
38,تطور,ar,3,"نظرية التطور: بعد 162عاما على صدوره، ""في أصل الأنواع"" ما زال ...",https://www.bbc.com/arabic/science-and-tech-59368293,3,2,3,2,0
39,PCR,en,1,Polymerase Chain Reaction (PCR) - National Human ...,https://www.genome.gov/genetics-glossary/Polymerase-Chain-Reaction,2,3,2,3,0
39,PCR,en,2,COVID-19 and PCR Testing - Cleveland Clinic,https://my.clevelandclinic.org/health/diagnostics/21462-covid-19-and-pcr-testing,3,3,2,3,0
39,PCR,en,3,Polymerase chain reaction - Wikipedia,https://en.wikipedia.org/wiki/Polymerase_chain_reaction,3,3,2,2,0
39,PCR,iw,1,איך ואיפה עושים בדיקות - מרכז המידע לקורונה של משרד הבריאות,https://corona.health.gov.il/testing-lobby/how-to-test/,3,2,3,2,0
39,PCR,iw,2,מתי צריך לעשות בדיקת קורונה - מרכז המידע לקורונה של משרד ...,https://corona.health.gov.il/testing-lobby/when-to-be-tested/,3,3,3,3,0
39,PCR,iw,3,Polymerase Chain Reaction (PCR) - National Human ...,https://www.genome.gov/genetics-glossary/Polymerase-Chain-Reaction,3,3,3,3,0
39,ПЦР,ru,1,ПЦР: что это такое? Диагностика инфекционных ... - Инвитро,https://www.invitro.ru/library/labdiagnostika/16110/,3,1,1,2,1
39,ПЦР,ru,2,Полимеразная цепная реакция - Википедия,https://ru.wikipedia.org/wiki/Полимеразная_цепная_реакция,3,2,1,3,0
39,ПЦР,ru,3,ПЦР-тесты на COVID-19 в Москве - Гемотест,https://gemotest.ru/moskva/covid19/tests/pcr/,1,1,1,2,1
39,تفاعل البوليمراز المتسلسل,ar,1,تفاعل البوليمراز المتسلسل - ويكيبيديا,https://ar.wikipedia.org/wiki/تفاعل_البوليمراز_المتسلسل,3,2,1,3,0
39,تفاعل البوليمراز المتسلسل,ar,2,تفاعل البوليمراز المتسلسل بالزمن الحقيقي - ويكيبيديا,https://ar.wikipedia.org/wiki/تفاعل_البوليمراز_المتسلسل_بالزمن_الحقيقي,3,1,1,3,0
39,تفاعل البوليمراز المتسلسل,ar,3,تفاعل البوليميراز المتسلسل: إجراء الفحص وتحليل النتائج,https://www.webteb.com/hematology/تفاعل-سلسلة-البوليميراز,3,3,1,1,1
42,mRNA,en,1,Messenger RNA (mRNA) - National Human Genome ...,https://www.genome.gov/genetics-glossary/messenger-rna,3,2,3,3,0
42,mRNA,en,2,Understanding mRNA COVID-19 Vaccines | CDC,https://www.cdc.gov/coronavirus/2019-ncov/vaccines/different-vaccines/mrna.html,3,3,1,3,0
42,mRNA,en,3,Moderna: Pioneering mRNA technology,https://www.modernatx.com/,2,2,3,3,0
42,mRNA,iw,1,mRNA - ויקיפדיה,https://he.wikipedia.org/wiki/MRNA,3,1,2,3,0
42,mRNA,iw,2,מה זה חיסון RNA? - מדעת,https://www.midaat.org.il/articles/diseases/covid19/rna_vaccine/,3,3,1,3,0
42,mRNA,iw,3,Messenger RNA (mRNA) - National Human Genome ...,https://www.genome.gov/genetics-glossary/messenger-rna,3,2,3,3,0
42,мРНК,ru,1,Матричная РНК - Википедия,https://ru.wikipedia.org/wiki/Матричная_РНК,3,1,2,3,0
42,мРНК,ru,2,"Разбираемся, как действуют мРНК ВАКЦИНЫ - Pfizer.ru",https://www.pfizer.ru/разбираемся-как-действуют-мрнк-вакцины,3,1,0,2,1
42,мРНК,ru,3,Как работают вакцины против COVID-19 на основе мРНК,https://www.cdc.gov/coronavirus/2019-ncov/downloads/vaccines/COVID-19-mRNA-infographic_G_Russian.pdf,3,2,1,1,0
42,الحمض النووي الريبي المرسال,ar,1,لقاحات الحمض النووي الريبي المرسال (mRNA) وعلاقتها بالمناعة,https://www.mayoclinic.org/ar/mrna-vaccines-immunity/vid-20507649,1,0,1,1,0
42,الحمض النووي الريبي المرسال,ar,2,لقاحات الحمض النووي الريبي المرسال ضد «كوفيد-19» آمنة ...,https://www.scientificamerican.com/arabic/articles/news/mrna-covid-19-vaccines-safe-for-people-with-cancer/,1,1,2,1,1
42,الحمض النووي الريبي المرسال,ar,3,مُستقبَل تقنية الحمض النووي الريبي المرسال - للعِلم - ...,https://www.scientificamerican.com/arabic/articles/news/the-future-of-mrna/,0,2,1,1,1
43,genome,en,1,Definition - National Human Genome Research Institute,https://www.genome.gov/genetics-glossary/Genome,3,2,3,2,0
43,genome,en,2,Genome - Wikipedia,https://en.wikipedia.org/wiki/Genome,3,3,3,3,0
43,genome,en,3,Home - Genome - NCBI,https://www.ncbi.nlm.nih.gov/genome/,1,3,0,2,0
43,геном,ru,1,Геном - Википедия,https://ru.wikipedia.org/wiki/Геном,3,3,0,3,0
43,геном,ru,2,"""ГенОм"" - Центр молекулярной медицины",https://igenom.ru/,0,1,1,3,0
43,геном,ru,3,Что такое геном и можно ли его редактировать | РБК Тренды,https://trends.rbc.ru/trends/education/622866989a79475148ca843d,1,1,1,3,0
43,גנום,iw,1,גנום - ויקיפדיה,https://he.wikipedia.org/wiki/גנום,3,2,1,3,0
43,גנום,iw,2,גנום האדם - ויקיפדיה,https://he.wikipedia.org/wiki/גנום_האדם,2,2,1,3,0
43,גנום,iw,3,"מיפוי הגנום האנושי הושלם, אבל הדרך ארוכה לפענוח מלא שלו - גלובס",https://www.globes.co.il/news/article.aspx?did=1001408633,1,2,1,2,1
43,الجينوم,ar,1,علم الجينوم - ويكيبيديا,https://ar.wikipedia.org/wiki/علم_الجينوم,3,3,2,3,0
43,الجينوم,ar,2,مجموع مورثي - ويكيبيديا,https://ar.wikipedia.org/wiki/مجموع_مورثي,2,2,2,3,0
43,الجينوم,ar,3,الجزء الأول : ما هو الجينوم، وما هي أهمية دراسته؟,https://arsco.org/article-detail-1752-3-0,3,2,3,2,0
44,Mars,en,1,NASA Mars Exploration,https://mars.nasa.gov/,3,3,3,3,0
44,Mars,en,2,"Global Petcare, Food, Mars Wrigley and Edge Brands",https://www.mars.com/,0,0,0,3,1
44,Mars,en,3,Mars - Wikipedia,https://en.wikipedia.org/wiki/Mars,3,3,3,3,0
44,Марс,ru,1,Марс - Википедия,https://ru.wikipedia.org/wiki/Марс,3,3,3,3,0
44,Марс,ru,2,Центр современного искусства МАРС - выставочный центр ...,https://centermars.ru/,0,0,0,1,1
44,Марс,ru,3,Марс — все статьи и новости - Индикатор - Indicator.Ru,https://indicator.ru/label/mars,3,2,3,2,0
44,מאדים,iw,1,מאדים - ויקיפדיה,https://he.wikipedia.org/wiki/מאדים,3,3,3,3,0
44,מאדים,iw,2,"מאדים: כתבות, מאמרים ומידע מרתק | סוכנות החלל הישראלית",https://www.space.gov.il/תגיות/מאדים,3,3,2,2,0
44,מאדים,iw,3,כוכב הלכת מאדים - מטח,https://lib.cet.ac.il/pages/item.asp?item=7895,3,3,2,1,0
44,المريخ,ar,1,المريخ - ويكيبيديا,https://ar.wikipedia.org/wiki/المريخ,3,3,3,3,0
44,المريخ,ar,2,مريخ - ويكيبيديا,https://arz.wikipedia.org/wiki/مريخ,3,2,1,2,0
44,المريخ,ar,3,المريخ | علوم وتكنولوجيا | آخر الاكتشافات والدراسات من DW ...,https://www.dw.com/ar/المريخ/t-18900921,2,1,0,1,0
45,asteroids,en,1,Overview | Asteroids – NASA Solar System Exploration,https://solarsystem.nasa.gov/asteroids-comets-and-meteors/asteroids/overview/,3,3,3,3,0
45,asteroids,en,2,Asteroid - Wikipedia,https://en.wikipedia.org/wiki/Asteroid,3,3,3,3,0
45,asteroids,en,3,Asteroids: Fun facts and information about these space rocks,https://www.space.com/51-asteroids-formation-discovery-and-exploration.html,3,3,3,2,1
45,астероиды,ru,1,АСТЕРОИДЫ,http://selena.sai.msu.ru/Home/SolarSystem/asteroids/asteroids.htm,3,3,2,1,0
45,астероиды,ru,2,Астероид — все статьи и новости - Индикатор - Indicator.Ru,https://indicator.ru/label/asteroid,3,2,3,2,0
45,астероиды,ru,3,Что такое астероиды и угрожают ли они Земле | РБК Тренды,https://trends.rbc.ru/trends/futurology/622afff69a7947c546373f4c,3,2,2,3,0
45,אסטרואיד,iw,1,אסטרואיד - ויקיפדיה,https://he.wikipedia.org/wiki/אסטרואיד,3,2,1,3,0
45,אסטרואיד,iw,2,"מהו אסטרואיד, והאם הוא עלול לסכן את כדור הארץ? - סוכנות החלל ...",https://www.space.gov.il/תגיות/אסטרואיד,3,3,3,3,0
45,אסטרואיד,iw,3,אסטרואידים - מטח,https://lib.cet.ac.il/pages/item.asp?item=8200,3,2,2,1,0
45,الكويكبات,ar,1,كويكب - ويكيبيديا,https://ar.wikipedia.org/wiki/كويكب,3,3,3,3,0
45,الكويكبات,ar,2,حزام الكويكبات - ويكيبيديا,https://ar.wikipedia.org/wiki/حزام_الكويكبات,2,3,2,3,0
45,الكويكبات,ar,3,ماهي الكويكبات؟ - مجلة ناشيونال جيوغرافيك العربية,https://ngalarabiya.com/article/4211183/ماهي-الكويكبات,3,2,1,3,0
46,CRISPR,en,1,Home Page | CRISPR,http://www.crisprtx.com/,3,3,1,3,0
46,CRISPR,en,2,What are genome editing and CRISPR-Cas9? - MedlinePlus,,3,3,0,3,0
46,CRISPR,en,3,Questions and Answers about CRISPR | Broad Institute,https://www.broadinstitute.org/what-broad/areas-focus/project-spotlight/questions-and-answers-about-crispr,3,3,1,3,0
46,криспр,ru,1,CRISPR - Википедия,https://ru.wikipedia.org/wiki/CRISPR,3,1,3,3,0
46,криспр,ru,2,CRISPR «для чайников»: краткий путеводитель по главной ...,https://hightech.plus/2018/07/25/crispr-dlya-chainikov-kratkii-putevoditel-po-glavnoi-bitehnologii,2,1,1,2,0
46,криспр,ru,3,Редактирование генома с CRISPR/Cas9 - ПостНаука,https://postnauka.ru/faq/59807,3,3,3,2,0
46,קריספר,iw,1,קריספר - ויקיפדיה,https://he.wikipedia.org/wiki/קריספר,3,1,1,3,0
46,קריספר,iw,2,עריכה גנטית: הדור הבא? - מכון דוידסון,https://davidson.weizmann.ac.il/online/sciencenews/עריכה-גנטית-הדור-הבא,3,2,1,3,0
46,קריספר,iw,3,מלחמות הקריספר - מכון דוידסון,https://davidson.weizmann.ac.il/online/sciencepanorama/מלחמות-הקריספר,2,2,1,2,1
46,كريسبر,ar,1,كريسبر - ويكيبيديا,https://ar.wikipedia.org/wiki/كريسبر,2,2,1,3,0
46,كريسبر,ar,2,تعديل كريسبر - ويكيبيديا,https://ar.wikipedia.org/wiki/تعديل_كريسبر,3,1,1,3,0
46,كريسبر,ar,3,المقص الجيني: أحدث ما تم التوصل إليه - WIPO,https://www.wipo.int/wipo_magazine/ar/2020/04/article_0004.html,0,0,0,1,1
47,Autonomic car,en,1,What is an Autonomous Car? – How Self-Driving Cars Work,https://www.synopsys.com/automotive/what-is-autonomous-car.html,3,3,2,2,0
47,Autonomic car,en,2,Self-driving car - Wikipedia,https://en.wikipedia.org/wiki/Self-driving_car,2,3,1,3,0
47,Autonomic car,en,3,How Google's Self-Driving Car Will Change Everything,https://www.investopedia.com/articles/investing/052014/how-googles-selfdriving-car-will-change-everything.asp,1,1,1,3,0
47,беспилотный автомобиль,ru,1,Беспилотный автомобиль - Википедия,https://ru.wikipedia.org/wiki/Беспилотный_автомобиль,3,2,1,3,0
47,беспилотный автомобиль,ru,2,Беспилотные автомобили (мировой рынок) - TAdviser,https://www.tadviser.ru/index.php/Статья:Беспилотные_автомобили_(мировой_рынок),1,1,2,2,1
47,беспилотный автомобиль,ru,3,Что такое беспилотный автомобиль? (БА),https://bespilot.com/chastye-voprosy/chto-takoe-bespilotnyj-avtomobil-ba,3,3,2,2,0
47,מכונית אוטונומית,iw,1,מכונית אוטונומית - ויקיפדיה,https://he.wikipedia.org/wiki/מכונית_אוטונומית,3,3,3,3,0
47,מכונית אוטונומית,iw,2,מכונית אוטונומית- 2021 - autocom - אוטוקום,https://www.autocom.co.il/מכוניות-אוטונומיות-2/,1,1,2,2,1
47,מכונית אוטונומית,iw,3,"למרות ההבטחות, מכונית אוטונומית מלאה עדיין לא כאן | כלכליסט",https://www.calcalist.co.il/calcalistech/article/SkkKKh2KO,2,2,2,3,0
47,سيارة ذاتية القيادة,ar,1,مركبة ذاتية القيادة - ويكيبيديا,https://ar.wikipedia.org/wiki/مركبة_ذاتية_القيادة,3,2,2,3,0
47,سيارة ذاتية القيادة,ar,2,السيارات ذاتية القيادة: كيف ستغير عالمنا خلال عشر سنوات؟,https://www.bbc.com/arabic/vert-fut-59455307,1,1,1,1,0
47,سيارة ذاتية القيادة,ar,3,هل السيارات ذاتية القيادة هي المستقبل؟ - Kia,https://www.kia.com/nmc/ar/discover-kia/ask/are-self-driving-cars-the-future.html,1,1,1,2,1
48,protein folding,en,1,"Protein Folding: The Good, the Bad, and the Ugly - Science In ...",https://sitn.hms.harvard.edu/flash/2010/issue65/,3,2,1,2,0
48,protein folding,en,2,It will change everything': DeepMind's AI makes gigantic leap ...,https://www.nature.com/articles/d41586-020-03348-4,2,3,1,2,0
48,protein folding,en,3,Protein Folding - News-Medical.net,https://www.news-medical.net/life-sciences/Protein-Folding.aspx,3,2,3,1,0
48,сворачивание белка,ru,1,Фолдинг белка - Википедия,https://ru.wikipedia.org/wiki/Фолдинг_белка,3,2,1,3,0
48,сворачивание белка,ru,2,Свертывание белков - chem.msu.su,http://www.chem.msu.su/rus/teaching/kolman/80.htm,2,2,2,2,0
48,сворачивание белка,ru,3,Фолдинг белка — все самое интересное на ПостНауке,https://postnauka.ru/video/32627,3,3,2,2,0
48,קיפול חלבונים,iw,1,קיפול חלבונים - ויקיפדיה,https://he.wikipedia.org/wiki/קיפול_חלבונים,3,3,1,3,0
48,קיפול חלבונים,iw,2,האוריגמי המורכב של החלבונים - מכון דוידסון,https://davidson.weizmann.ac.il/online/sciencepanorama/האוריגמי-המורכב-של-החלבונים,3,2,2,2,0
48,קיפול חלבונים,iw,3,פריצת הדרך שתשנה הכל ברפואה - הידען,https://www.hayadan.org.il/breakthrough_proteins_nanotechnology,1,1,1,1,0
48,تطوي البروتين,ar,1,تطوي البروتين - ويكيبيديا,https://ar.wikipedia.org/wiki/تطوي_البروتين,3,1,2,3,0
48,تطوي البروتين,ar,2,Protein folding - البروتين للطي - المعرفة,https://www.marefa.org/طي_الپروتين/simplified,1,1,0,1,0
48,تطوي البروتين,ar,3,"""طي البروتين"" .. لغز حير العلماء منذ 50 عاما وفك شفرته الذكاء ...",https://enterprise.press/ar/stories/2020/12/01/طي-البروتين-لغز-حير-العلماء-منذ-50-عام/,3,2,1,1,0
49,black hole,en,1,Black hole - Wikipedia,https://en.wikipedia.org/wiki/Black_hole,3,3,3,3,0
49,black hole,en,2,Black Holes | Science Mission Directorate,https://science.nasa.gov/astrophysics/focus-areas/black-holes,3,3,3,3,0
49,black hole,en,3,Astronomers Reveal First Image of the Black Hole at the Heart ...,https://eventhorizontelescope.org/blog/astronomers-reveal-first-image-black-hole-heart-our-galaxy,2,3,3,2,0
49,черная дыра,ru,1,Чёрная дыра - Википедия,https://ru.wikipedia.org/wiki/Чёрная_дыра,3,3,3,3,0
49,черная дыра,ru,2,"Черные дыры: фото, факты, комментарии ученых - РБК ...",https://trends.rbc.ru/trends/futurology/60741be59a79470547496e3b,3,3,3,3,0
49,черная дыра,ru,3,Чёрная дыра — смотреть онлайн - Кинопоиск,https://www.kinopoisk.ru/film/785/,0,0,0,2,1
49,חור שחור,iw,1,חור שחור - ויקיפדיה,https://he.wikipedia.org/wiki/חור_שחור,3,3,3,3,0
49,חור שחור,iw,2,חור שחור: איך נוצרים חורים שחורים? | סוכנות החלל הישראלית,https://www.space.gov.il/תגיות/חור-שחור,3,3,3,3,0
49,חור שחור,iw,3,צילום חושף לראשונה: חור שחור מאסיבי במרכז שביל החלב,https://www.israelhayom.co.il/tech/article/10862580,2,2,2,2,1
49,الثقب الاسود,ar,1,ثقب أسود - ويكيبيديا,https://ar.wikipedia.org/wiki/ثقب_أسود,3,3,3,3,0
49,الثقب الاسود,ar,2,ثقب أسود فائق - ويكيبيديا,https://ar.wikipedia.org/wiki/ثقب_أسود_فائق,3,3,3,3,0
49,الثقب الاسود,ar,3,لحظة تاريخية.. الثقب الأسود في صورة فوتوغرافية للمرة الأولى,https://www.skynewsarabia.com/technology/1522031-لحظة-تاريخية-الثقب-الأسود-صورة-فوتوغرافية-للمرة-الأولى,2,2,1,2,1
52,Mutation,en,1,Mutation - National Human Genome Research Institute,https://www.genome.gov/genetics-glossary/Mutation,2,2,2,1,0
52,Mutation,en,2,Mutation - Wikipedia,https://en.wikipedia.org/wiki/Mutation,3,3,3,3,0
52,Mutation,en,3,What is a mutation? | Facts | yourgenome.org,https://www.yourgenome.org/facts/what-is-a-mutation,3,2,1,2,0
52,Мутация,ru,1,Мутация - Википедия,https://ru.wikipedia.org/wiki/Мутация,3,2,1,3,0
52,Мутация,ru,2,"Мы все мутанты. Генетик рассказал о том, что меняет наш ...",https://ria.ru/20210429/sfu-1730364204.html,2,2,1,2,0
52,Мутация,ru,3,Мутация и репарация - chem.msu.su,http://www.chem.msu.ru/rus/teaching/kolman/252.htm,3,1,2,1,0
52,מוטציות,iw,1,מוטציה - ויקיפדיה,https://he.wikipedia.org/wiki/מוטציה,3,2,0,3,0
52,מוטציות,iw,2,מהי מוטציה גנטית? - מכון דוידסון,https://davidson.weizmann.ac.il/online/maagarmada/life_sci/מהי-מוטציה-גנטית,3,2,1,2,0
52,מוטציות,iw,3,מוטציה | מכבי שירותי בריאות,https://www.maccabi4u.co.il/19111-he/Maccabi.aspx,2,1,0,2,1
52,طفرة,ar,1,طفرة (أحياء) - ويكيبيديا,https://ar.wikipedia.org/wiki/طفرة_(أحياء),3,2,1,3,0
52,طفرة,ar,2,طفرة (Mutation) | الطبي,https://altibbi.com/مصطلحات-طبية/علم-الوراثة/طفرة,2,3,2,2,0
52,طفرة,ar,3,تعريف و معنى طفرة في معجم المعاني الجامع - معجم عربي عربي,https://www.almaany.com/ar/dict/ar-ar/طفرة/,3,1,1,1,0
53,Malnutrition,en,1,"Malnutrition: Symptoms, causes, diagnosis, and treatment",https://www.medicalnewstoday.com/articles/179316,1,2,0,2,1
53,Malnutrition,en,2,Fact sheets - Malnutrition - WHO | World Health Organization,https://www.who.int/news-room/fact-sheets/detail/malnutrition,1,2,0,2,0
53,Malnutrition,en,3,"Malnutrition: Definition, Symptoms and Treatment - Healthline",https://www.healthline.com/nutrition/malnutrition,1,1,0,1,0
53,Malnutrition,en,1,Fact sheets - Malnutrition - WHO | World Health Organization,https://www.who.int/news-room/fact-sheets/detail/malnutrition,1,2,0,2,0
53,Malnutrition,en,2,Malnutrition | Johns Hopkins Medicine,https://www.hopkinsmedicine.org/health/conditions-and-diseases/malnutrition,3,2,0,2,0
53,Malnutrition,en,3,"Malnutrition: Symptoms, causes, diagnosis, and treatment",https://www.medicalnewstoday.com/articles/179316,1,2,1,2,0
53,недостаточное питание,ru,1,Неполноценное питание - WHO | World Health Organization,https://www.who.int/ru/news-room/fact-sheets/detail/malnutrition,3,2,0,1,0
53,недостаточное питание,ru,2,Обзор гипотрофии - Болезни нарушения питания - MSD ...,https://www.msdmanuals.com/ru-ru/профессиональный/болезни-нарушения-питания/гипотрофия/обзор-недоедания-overview-of-undernutrition,3,1,1,2,0
53,недостаточное питание,ru,3,НЕДОСТАТОЧНОЕ ПИТАНИЕ У ПАЦИЕНТА: диагностика и ...,https://www.lvrach.ru/2003/06/4530436,1,2,1,2,1
53,תת תזונה,iw,1,תת-תזונה - ויקיפדיה,https://he.wikipedia.org/wiki/תת-תזונה,3,1,1,3,0
53,תת תזונה,iw,2,תת תזונה - מהי ומי עלול ללקות בה? | אבוט - Abbot,https://www.abbottnutrition.co.il/תזונה-בגיל-השלישי/מהי-תת-תזונה-ומי-עלול-ללקות-בה/,3,2,1,2,1
53,תת תזונה,iw,3,"תת תזונה (Undernutrition) - הסימפטומים, הבדיקות ודרכי הטיפול",https://www.infomed.co.il/diseases/undernutrition/,3,3,1,3,1
53,سوء التغذية,ar,1,سوء التغذية - WHO | World Health Organization,https://www.who.int/ar/news-room/fact-sheets/detail/malnutrition,2,3,0,3,1
53,سوء التغذية,ar,2,سوء التغذية: الأسباب، الأعراض والعلاج - ويب طب,https://www.webteb.com/diet/diseases/سوء-التغذية,2,1,2,1,1
53,سوء التغذية,ar,3,علامات أمراض سوء التغذية - ويب طب,https://www.webteb.com/articles/علامات-امراض-سوء-التغذية_18127,2,3,2,1,1
56,Calorie,en,1,"Calories: Requirements, health needs, and function - Medical ...",https://www.medicalnewstoday.com/articles/263028,3,3,2,3,1
56,Calorie,en,2,Calorie Calculator,https://www.calculator.net/calorie-calculator.html,3,2,0,2,1
56,Calorie,en,3,Calorie - Wikipedia,https://en.wikipedia.org/wiki/Calorie,3,3,1,3,0
56,Calorie,en,1,Calorie Calculator,https://www.calculator.net/calorie-calculator.html,3,2,0,2,1
56,Calorie,en,2,Calorie - Wikipedia,https://en.wikipedia.org/wiki/Calorie,3,3,1,3,0
56,Calorie,en,3,"Calories: Requirements, health needs, and function - Medical ...",https://www.medicalnewstoday.com/articles/263028,3,2,1,3,0
56,Калория,ru,1,Что такое калории и зачем их считать? - Еда.ру,https://eda.ru/media/vopros/chto-takoe-kalorii-i-zachem-ih-schitat,1,1,2,2,1
56,Калория,ru,2,это... Что такое Калория? - Словари и энциклопедии на ...,https://dic.academic.ru/dic.nsf/ruwiki/24792,1,2,0,2,1
56,Калория,ru,3,Чем отличаются калории от килокалорий - Men's Health,https://www.mhealth.ru/fitness/weight-and-mass/bazovye-voprosy-chto-takoe-kilokalorii-i-kak-ih-schitat/,2,1,2,2,1
56,קלוריה,iw,1,קלוריה - ויקיפדיה,https://he.wikipedia.org/wiki/קלוריה,3,3,1,3,0
56,קלוריה,iw,2,קלוריות – מה זה בעצם? | כמוני,https://www.camoni.co.il/קלוריות-–-מה-זה-בעצם-,3,2,1,2,1
56,קלוריה,iw,3,איך מחושבות הקלוריות במוצרי מזון? אלי - מכון דוידסון,https://davidson.weizmann.ac.il/online/askexpert/technology/איך-מחושבות-הקלוריות-במוצרי-מזון-אלי,3,2,1,3,0
56,سعرة حرارية,ar,1,دليلك لفهم السعرات الحرارية - ويب طب,https://www.webteb.com/articles/دليلك-لفهم-السعرات-الحرارية_15019,2,1,1,1,1
56,سعرة حرارية,ar,2,سعرة - ويكيبيديا,https://ar.wikipedia.org/wiki/سعرة,3,3,1,3,0
56,سعرة حرارية,ar,3,حاسبة السعرات الحرارية (BMR) | الكونسلتو,https://www.elconsolto.com/calculator/bmr,1,1,3,1,1
58,Renewable Energy,en,1,Renewable Energy: The Clean Facts - NRDC,https://www.nrdc.org/stories/renewable-energy-clean-facts,1,2,1,2,1
58,Renewable Energy,en,2,"What is Renewable Energy? - Definition, Types, Benefits and ...",https://www.twi-global.com/technical-knowledge/faqs/renewable-energy,3,3,0,3,0
58,Renewable Energy,en,3,Renewable energy explained - EIA,https://www.eia.gov/energyexplained/renewable-sources/,2,2,1,3,0
58,Renewable Energy,en,1,Renewable Energy: The Clean Facts - NRDC,https://www.nrdc.org/stories/renewable-energy-clean-facts,3,2,1,2,0
58,Renewable Energy,en,2,Clean Energy,https://www.energy.gov/clean-energy,1,2,2,2,0
58,Renewable Energy,en,3,Renewable energy explained - EIA,https://www.eia.gov/energyexplained/renewable-sources/,3,2,2,2,0
58,Возобновляемая энергия,ru,1,Возобновляемая энергия - Википедия,https://ru.wikipedia.org/wiki/Возобновляемая_энергия,3,2,3,3,0
58,Возобновляемая энергия,ru,2,Что такое Возобновляемые источники энергии (ВИЭ),https://neftegaz.ru/tech-library/energoresursy-toplivo/141763-vozobnovlyaemye-istochniki-energii-vie/,1,3,2,2,0
58,Возобновляемая энергия,ru,3,Возобновляемая энергия - En+ Group,https://enplusgroup.com/ru/what-we-do/power-segment/renewable-energy/,2,1,2,1,0
58,אנרגיה מתחדשת,iw,1,אנרגיה מתחדשת - ויקיפדיה,https://he.wikipedia.org/wiki/אנרגיה_מתחדשת,3,3,3,3,0
58,אנרגיה מתחדשת,iw,2,אנרגיה מתחדשת - גלובס,https://www.globes.co.il/news/אנרגיה_מתחדשת.tag,1,2,2,2,0
58,אנרגיה מתחדשת,iw,3,איגוד חברות אנרגיה ירוקה לישראל,http://greenrg.org.il/,1,1,2,2,1
58,طاقة متجددة,ar,1,طاقة متجددة - ويكيبيديا,https://ar.wikipedia.org/wiki/طاقة_متجددة,3,2,1,3,0
58,طاقة متجددة,ar,2,ما هي الطاقة المتجددة,http://reee.memr.gov.jo/Pages/viewpage?pageID=1022,2,1,1,1,0
58,طاقة متجددة,ar,3,بحث حول الطاقة المتجددة - موضوع,https://mawdoo3.com/بحث_حول_الطاقة_المتجددة,2,1,1,2,0
59,Climate change,en,1,Climate change - WHO | World Health Organization,https://www.who.int/health-topics/climate-change,3,1,1,2,0
59,Climate change,en,2,"climate change | Definition, Causes, Effects, & Facts | Britannica",https://www.britannica.com/science/climate-change,2,2,1,2,0
59,Climate change,en,3,Climate Change - United Nations Sustainable Development,https://www.un.org/sustainabledevelopment/climate-change/,3,2,2,2,0
59,Climate change,en,1,NASA: Climate Change and Global Warming,https://climate.nasa.gov/,1,1,2,2,0
59,Climate change,en,2,IPCC — Intergovernmental Panel on Climate Change,https://www.ipcc.ch/,0,0,0,1,1
59,Climate change,en,3,Climate Change 2022: Mitigation of Climate Change - IPCC,https://www.ipcc.ch/report/ar6/wg3/,0,1,0,1,1
59,Глобальное потепление,ru,1,Глобальное потепление - Википедия,https://ru.wikipedia.org/wiki/Глобальное_потепление,3,2,2,3,0
59,Глобальное потепление,ru,2,Глобальное потепление связано с деятельностью ...,https://news.un.org/ru/story/2021/08/1407862,1,2,2,2,0
59,Глобальное потепление,ru,3,Изменение климата | Организация Объединенных Наций,https://www.un.org/ru/global-issues/climate-change,3,1,1,2,0
59,שינוי אקלים,iw,1,שינוי אקלים - ויקיפדיה,https://he.wikipedia.org/wiki/שינוי_אקלים,3,2,2,3,0
59,שינוי אקלים,iw,2,מה הסיפור של שינוי האקלים? - זווית בחינוך,https://education.zavit.org.il/מה-הסיפור-של-שינוי-האקלים/,1,2,2,2,0
59,שינוי אקלים,iw,3,שינוי אקלים - info spot,http://infospot.co.il/scp/שינוי_אקלים,3,1,1,2,1
59,الاحتباس الحراري,ar,1,الاحتباس الحراري - ويكيبيديا,https://ar.wikipedia.org/wiki/الاحتباس_الحراري,3,2,2,3,0
59,الاحتباس الحراري,ar,2,ما هو الاحتباس الحراري - موضوع,https://mawdoo3.com/ما_هو_الاحتباس_الحراري,3,3,3,2,0
59,الاحتباس الحراري,ar,3,الاحتباس الحراري | ما أسبابه وما آثاره وما الحلول الممكنة؟ - Twinkl,https://www.twinkl.co.uk/teaching-wiki/alahtbas-alhrary,3,2,1,1,0
65,Soil contamination,en,1,Soil contamination - Wikipedia,https://en.wikipedia.org/wiki/Soil_contamination,3,2,1,3,0
65,Soil contamination,en,2,Soil contaminants,https://www.soils.org/about-soils/contaminants,3,2,1,3,0
65,Soil contamination,en,3,"Soil Contamination, Risk Assessment and Remediation",https://www.intechopen.com/chapters/46032,0,1,0,2,1
65,Soil contamination,en,1,Soil contaminants,https://www.soils.org/about-soils/contaminants,2,1,1,2,0
65,Soil contamination,en,2,Soil contamination - Wikipedia,https://en.wikipedia.org/wiki/Soil_contamination,3,2,1,3,0
65,Soil contamination,en,3,Contaminated Land | US EPA,https://www.epa.gov/report-environment/contaminated-land,0,0,1,2,1
65,Загрязнение почвы,ru,1,"Загрязнение почвы – основные причины, последствия, в ...",https://ecoportal.info/zagryaznenie-pochvy/,2,0,0,2,0
65,Загрязнение почвы,ru,2,Загрязнение почв - Википедия,https://ru.wikipedia.org/wiki/Загрязнение_почв,3,1,0,3,0
65,Загрязнение почвы,ru,3,Загрязнение почвы угрожает нашему здоровью и ... - UNEP,https://www.unep.org/ru/novosti-i-istorii/istoriya/zagryaznenie-pochvy-ugrozhaet-nashemu-zdorovyu-i-prodovolstvennoy,0,2,1,2,0
65,זיהום קרקע,iw,1,זיהום קרקע - ויקיפדיה,https://he.wikipedia.org/wiki/זיהום_קרקע,3,2,1,3,0
65,זיהום קרקע,iw,2,זיהום קרקע - info spot,http://infospot.co.il/scp/זיהום_קרקע,1,1,0,1,1
65,זיהום קרקע,iw,3,זיהום קרקע בישראל – התופעה ודרכי הטיפול בה - אתר הכנסת,https://fs.knesset.gov.il/globaldocs/MMM/1ebb8d55-f7f7-e411-80c8-00155d010977/2_1ebb8d55-f7f7-e411-80c8-00155d010977_11_7091.pdf,3,3,1,1,0
65,تلوث التربة,ar,1,تلوث التربة - ويكيبيديا,https://ar.wikipedia.org/wiki/تلوث_التربة,3,3,1,3,0
65,تلوث التربة,ar,2,بحث عن تلوث التربة - موضوع,https://mawdoo3.com/بحث_عن_تلوث_التربة,3,1,1,2,0
65,تلوث التربة,ar,3,أسباب تلوث التربة - موضوع,https://mawdoo3.com/أسباب_تلوث_التربة,3,1,2,2,0
66,Greenhouse gas,en,1,"greenhouse gas | Definition, Emissions, & Greenhouse Effect",https://www.britannica.com/science/greenhouse-gas,3,2,1,2,0
66,Greenhouse gas,en,2,Overview of Greenhouse Gases | US EPA,https://www.epa.gov/ghgemissions/overview-greenhouse-gases,1,2,1,2,0
66,Greenhouse gas,en,3,Greenhouse gas - Wikipedia,https://en.wikipedia.org/wiki/Greenhouse_gas,3,2,3,3,0
66,Greenhouse gas,en,1,Overview of Greenhouse Gases | US EPA,https://www.epa.gov/ghgemissions/overview-greenhouse-gases,1,2,1,2,0
66,Greenhouse gas,en,2,Greenhouse gas - Wikipedia,https://en.wikipedia.org/wiki/Greenhouse_gas,3,3,2,3,0
66,Greenhouse gas,en,3,"greenhouse gas | Definition, Emissions, & Greenhouse Effect",https://www.britannica.com/science/greenhouse-gas,3,2,2,2,0
66,Парниковые газы,ru,1,Парниковые газы - Википедия,https://ru.wikipedia.org/wiki/Парниковые_газы,3,2,3,3,0
66,Парниковые газы,ru,2,Что такое Парниковые газы? - Техническая Библиотека ...,https://neftegaz.ru/tech-library/ekologiya-pozharnaya-bezopasnost-tekhnika-bezopasnosti/147967-parnikovye-gazy/,1,2,1,1,0
66,Парниковые газы,ru,3,ЧТО ПРЕДСТАВЛЯЮТ СОБОЙ ПАРНИКОВЫЕ ГАЗЫ?,https://youth.wmo.int/ru/content/что-представляют-собой-парниковые-газы,3,1,1,2,0
66,גז חממה,iw,1,גז חממה - ויקיפדיה,https://he.wikipedia.org/wiki/גז_חממה,3,3,3,3,0
66,גז חממה,iw,2,מה זה גז חממה? - מכון דוידסון,https://davidson.weizmann.ac.il/online/askexpert/מה-זה-גז-חממה,3,1,0,2,0
66,גז חממה,iw,3,גז חממה - אקו-ויקי,https://ecowiki.org.il/wiki/גז_חממה,2,3,2,2,0
66,غازات دفيئة,ar,1,غازات دفيئة - ويكيبيديا,https://ar.wikipedia.org/wiki/غازات_دفيئة,3,2,1,2,0
66,غازات دفيئة,ar,2,تصنيف:غازات دفيئة - ويكيبيديا,https://ar.wikipedia.org/wiki/تصنيف:غازات_دفيئة,3,2,1,2,0
66,غازات دفيئة,ar,3,ما هي غازات الدفيئة - موضوع,https://mawdoo3.com/ما_هي_غازات_الدفيئة,3,2,2,2,0
68,Infection,en,1,"Infection: Types, causes, and differences - Medical News Today",https://www.medicalnewstoday.com/articles/196271,2,3,3,3,0
68,Infection,en,2,Infection - Wikipedia,https://en.wikipedia.org/wiki/Infection,3,3,1,2,0
68,Infection,en,3,How Infections Spread | Infection Control | CDC,https://www.cdc.gov/infectioncontrol/spread/index.html,2,2,1,2,0
68,Infection,en,1,"Infection: Types, causes, and differences - Medical News Today",https://www.medicalnewstoday.com/articles/196271,2,3,3,3,0
68,Infection,en,2,Infection - Wikipedia,https://en.wikipedia.org/wiki/Infection,3,2,1,3,0
68,Infection,en,3,How Infections Spread | Infection Control | CDC,https://www.cdc.gov/infectioncontrol/spread/index.html,1,2,0,1,0
68,Инфекция,ru,1,Инфекционные заболевания - Википедия,https://ru.wikipedia.org/wiki/Инфекционные_заболевания,3,2,1,3,0
68,Инфекция,ru,2,это... Что такое Инфекция? - Словари и энциклопедии на ...,https://dic.academic.ru/dic.nsf/ruwiki/38750,3,3,1,3,0
68,Инфекция,ru,3,"Инфекционные болезни - СПб ГБУЗ ""Городская ...",http://poliklinika74spb.ru/people/инфекционные-заболевания/,2,2,2,2,1
68,זיהום רפואה,iw,1,הרפואה המשלימה ומניעת זיהומים חוזרים - כללית רפואה משלימה,https://www.clalitmashlima.co.il/מניעת-זיהומים-חוזרים/,1,3,2,2,0
68,זיהום רפואה,iw,2,זיהום (רפואה) - המכלול,https://www.hamichlol.org.il/זיהום_(רפואה),3,3,2,3,0
68,זיהום רפואה,iw,3,"זיהום (Infectious disease) - הסימפטומים, הבדיקות ודרכי הטיפול",https://www.infomed.co.il/diseases/infectious-disease/,1,1,1,2,1
68,عدوى,ar,1,عدوى - ويكيبيديا,https://ar.wikipedia.org/wiki/عدوى,3,2,2,3,0
68,عدوى,ar,2,عدوى (فيلم) - ويكيبيديا,https://ar.wikipedia.org/wiki/عدوى_(فيلم),0,0,0,3,0
68,عدوى,ar,3,حدوثُ العدوى - حالات العَدوى - دليل MSD الإرشادي إصدار المُستخدِم,https://www.msdmanuals.com/ar/home/حالات-العَدوى/بَيُولوجيا-الأمراض-المُعْدِيَة/حدوثُ-العدوى,1,2,1,2,0
70,Flood,en,1,What is a Flood? | What Causes a Flood? - Earth Networks,https://www.earthnetworks.com/flooding/,3,1,1,2,0
70,Flood,en,2,Flood Basics - Severe Weather 101,https://www.nssl.noaa.gov/education/svrwx101/floods/,3,2,2,2,0
70,Flood,en,3,flood - Longman Dictionary,https://www.ldoceonline.com/dictionary/flood,3,0,0,1,0
70,Flood,en,1,Flood - Wikipedia,https://en.wikipedia.org/wiki/Flood,3,3,1,3,0
70,Flood,en,2,Flood Basics - Severe Weather 101,https://www.nssl.noaa.gov/education/svrwx101/floods/,3,2,3,2,0
70,Flood,en,3,Flood Insurance | FEMA.gov,https://www.fema.gov/flood-insurance,1,1,1,3,0
70,Наводнение,ru,1,Наводнение - Википедия,https://ru.wikipedia.org/wiki/Наводнение,3,2,2,1,0
70,Наводнение,ru,2,Наводнения и весенние паводки - ЧС природного характера,https://www.mchs.gov.ru/deyatelnost/bezopasnost-grazhdan/navodneniya-i-vesennie-pavodki_7,2,2,0,2,0
70,Наводнение,ru,3,Наводнение - последние новости сегодня,https://ria.ru/tag_thematic_category_Navodnenie/,0,0,0,2,1
70,שיטפון,iw,1,שיטפון בזק - ויקיפדיה,https://he.wikipedia.org/wiki/שיטפון_בזק,3,3,3,3,0
70,שיטפון,iw,2,הנחיות להתמודדות עם שיטפון - פורטל חירום לאומי,https://www.oref.org.il/12635-17916-he/Pakar.aspx,1,1,2,0,1
70,שיטפון,iw,3,שיטפון - משרד החינוך - אופק,https://lo.cet.ac.il/player/?document=add1e5f5-53c0-4ce6-990c-7f97a5415b26&language=he,1,0,1,1,0
70,الفيضان,ar,1,فيضان - ويكيبيديا,https://ar.wikipedia.org/wiki/فيضان,3,3,3,3,0
70,الفيضان,ar,2,فيضان - المعرفة,https://www.marefa.org/فيضان/simplified,3,2,1,3,0
70,الفيضان,ar,3,كيف تحدث الفيضانات - موضوع,https://mawdoo3.com/كيف_تحدث_الفيضانات,2,2,1,2,0
71,Drought,en,1,Drought - Wikipedia,https://en.wikipedia.org/wiki/Drought,3,3,1,3,0
71,Drought,en,2,What causes drought? | U.S. Geological Survey,https://www.usgs.gov/faqs/what-causes-drought,1,2,2,2,0
71,Drought,en,3,Drought | National Geographic Society,https://www.nationalgeographic.org/encyclopedia/drought/,1,2,2,2,0
71,Drought,en,1,US Drought Monitor: Current Map,https://droughtmonitor.unl.edu/,3,2,3,2,0
71,Drought,en,2,Understand Drought and Know How to Respond - National ...,https://www.weather.gov/safety/drought,3,3,1,1,0
71,Drought,en,3,Drought.gov: Home,https://www.drought.gov/,1,1,3,2,1
71,Засуха,ru,1,Засуха - Википедия,https://ru.wikipedia.org/wiki/Засуха,3,2,0,3,0
71,Засуха,ru,2,Засуха: причины и методы борьбы. Справка - РИА Новости,https://ria.ru/20090728/178965537.html,3,1,0,2,0
71,Засуха,ru,3,это... Что такое Засуха? - Словари и энциклопедии на ...,https://dic.academic.ru/dic.nsf/ruwiki/139715,3,2,0,2,0
71,בצורת,iw,1,בצורת - ויקיפדיה,https://he.wikipedia.org/wiki/בצורת,3,2,0,3,0
71,בצורת,iw,2,מהי בצורת? - אנציקלופדיית אאוריקה,https://eureka.org.il/item/41558/מהי-בצורת,3,2,3,3,0
71,בצורת,iw,3,מה זה בצורת - מילון עברי עברי - מילוג,https://milog.co.il/בצורת,3,1,0,2,0
71,جفاف,ar,1,الجفاف - الأعراض والأسباب - Mayo Clinic (مايو كلينك),https://www.mayoclinic.org/ar/diseases-conditions/dehydration/symptoms-causes/syc-20354086,1,2,0,1,0
71,جفاف,ar,2,الجفاف - التشخيص والعلاج - Mayo Clinic (مايو كلينك),https://www.mayoclinic.org/ar/diseases-conditions/dehydration/diagnosis-treatment/drc-20354092,1,2,0,2,1
71,جفاف,ar,3,أعراض جفاف الجسم الشديد - ويب طب,https://www.webteb.com/articles/اعراض-جفاف-الجسم-الشديد_28866,1,2,0,2,1